"sensanaly","ID","scenario","region","soiltype","initdenres_collapsed","ww_mean","ww_ci_l","ww_ci_u","pc_mean","pc_ci_l","pc_ci_u"
"no","BAU","BAU","north","heavy","LD-LR",5.4596021508401,2.05261326662117,8.86659103505902,0,0,0
"no","BAU","BAU","north","heavy","LD-HR",5.16593512957828,1.92216213868747,8.40970812046909,0,0,0
"no","BAU","BAU","north","heavy","HD-HR",4.98330310266188,1.87630756164885,8.09029864367492,0,0,0
"no","BAU","BAU","north","medium","LD-LR",4.87958233621498,1.83491514419953,7.92424952823043,0,0,0
"no","BAU","BAU","north","medium","LD-HR",4.6613371587735,1.74287329475772,7.57980102278929,0,0,0
"no","BAU","BAU","north","medium","HD-HR",4.51799510397258,1.70580093238282,7.33018927556234,0,0,0
"no","BAU","BAU","north","light","LD-LR",3.98940964991091,1.4999511232534,6.47886817656842,0,0,0
"no","BAU","BAU","north","light","LD-HR",3.81705285006655,1.42810859407719,6.20599710605591,0,0,0
"no","BAU","BAU","north","light","HD-HR",3.66609287738998,1.38295248307988,5.94923327170008,0,0,0
"no","BAU","BAU","central","heavy","LD-LR",5.45997267787042,2.05277992791623,8.86716542782461,0,0,0
"no","BAU","BAU","central","heavy","LD-HR",5.16678099230135,1.92258848529278,8.41097349930993,0,0,0
"no","BAU","BAU","central","heavy","HD-HR",4.98414849461088,1.87670604353737,8.09159094568439,0,0,0
"no","BAU","BAU","central","medium","LD-LR",4.87958233621498,1.83491514419953,7.92424952823043,0,0,0
"no","BAU","BAU","central","medium","LD-HR",4.6613371587735,1.74287329475772,7.57980102278929,0,0,0
"no","BAU","BAU","central","medium","HD-HR",4.51799510397258,1.70580093238282,7.33018927556234,0,0,0
"no","BAU","BAU","central","light","LD-LR",3.98940964991091,1.4999511232534,6.47886817656842,0,0,0
"no","BAU","BAU","central","light","LD-HR",3.81705285006655,1.42810859407719,6.20599710605591,0,0,0
"no","BAU","BAU","central","light","HD-HR",3.66609287738998,1.38295248307988,5.94923327170008,0,0,0
"no","BAU","BAU","east","heavy","LD-LR",5.57193686305892,2.09431647358473,9.04955725253311,0,0,0
"no","BAU","BAU","east","heavy","LD-HR",5.4450825113092,2.04699664165842,8.84316838095997,0,0,0
"no","BAU","BAU","east","heavy","HD-HR",5.26898603915826,1.99138634384926,8.54658573446726,0,0,0
"no","BAU","BAU","east","medium","LD-LR",4.87958233621498,1.83491514419953,7.92424952823043,0,0,0
"no","BAU","BAU","east","medium","LD-HR",4.6613371587735,1.74287329475772,7.57980102278929,0,0,0
"no","BAU","BAU","east","medium","HD-HR",4.51799510397258,1.70580093238282,7.33018927556234,0,0,0
"no","BAU","BAU","east","light","LD-LR",3.98940964991091,1.4999511232534,6.47886817656842,0,0,0
"no","BAU","BAU","east","light","LD-HR",3.81705285006655,1.42810859407719,6.20599710605591,0,0,0
"no","BAU","BAU","east","light","HD-HR",3.66609287738998,1.38295248307988,5.94923327170008,0,0,0
"no","MIT","MIT","north","heavy","LD-LR",4.79142161616669,0.591473993747026,8.99136923858635,-0.668180534673407,-5.84252360143017,4.50616253208335
"no","MIT","MIT","north","heavy","LD-HR",2.87776825038698,-0.693379374649293,6.44891587542325,-2.2881668791913,-5.38058833575974,0.804254577377139
"no","MIT","MIT","north","heavy","HD-HR",2.5144964226212,-0.608293502327683,5.63728634757008,-2.46880668004068,-7.44978717270836,2.51217381262699
"no","MIT","MIT","north","medium","LD-LR",4.25812900076215,0.525690713757949,7.99056728776635,-0.621453335452829,-5.22394971699772,3.98104304609206
"no","MIT","MIT","north","medium","LD-HR",2.5771260368226,-0.6192565918656,5.77350866551079,-2.08421112195091,-4.87249615867271,0.704073914770893
"no","MIT","MIT","north","medium","HD-HR",2.29175612486751,-0.555338480960128,5.13885073069514,-2.22623897910507,-6.73684451971483,2.28436656150469
"no","MIT","MIT","north","light","LD-LR",3.47608984408361,0.429148106536072,6.52303158163116,-0.513319805827293,-4.26980619841233,3.24316658675775
"no","MIT","MIT","north","light","LD-HR",2.11803764790372,-0.508281825995878,4.74435712180331,-1.69901520216284,-3.98483352221912,0.586803117893443
"no","MIT","MIT","north","light","HD-HR",1.8710023523295,-0.453384445226815,4.19538914988581,-1.79509052506048,-5.46917500327776,1.8789939531568
"no","MIT","MIT","central","heavy","LD-LR",4.79142161616669,0.591473993747026,8.99136923858635,-0.668551061703733,-5.84314121120955,4.50603908780208
"no","MIT","MIT","central","heavy","LD-HR",2.93524742085417,-0.704160323057416,6.57465516476575,-2.23153357144719,-5.37042184962746,0.907354706733089
"no","MIT","MIT","central","heavy","HD-HR",2.77908240262003,-0.666047858563508,6.22421266380357,-2.20506609199085,-5.23224367369518,0.822111489713477
"no","MIT","MIT","central","medium","LD-LR",4.25812900076215,0.525690713757949,7.99056728776635,-0.621453335452829,-5.22394971699772,3.98104304609206
"no","MIT","MIT","central","medium","LD-HR",2.61822233939739,-0.627646982768121,5.8640916615629,-2.04311481937611,-4.86315679506278,0.776927156310551
"no","MIT","MIT","central","medium","HD-HR",2.4876724724093,-0.596840787631984,5.57218573245058,-2.03032263156328,-4.7678903101817,0.707245047055145
"no","MIT","MIT","central","light","LD-LR",3.47609964227468,0.429149361373546,6.52304992317581,-0.513310007636229,-4.26979946652977,3.24317945125731
"no","MIT","MIT","central","light","LD-HR",2.13686971895742,-0.512254189992748,4.78599362790759,-1.68018313110913,-3.98052295125161,0.620156689033349
"no","MIT","MIT","central","light","HD-HR",2.11051057662167,-0.506904448291214,4.72792560153454,-1.55558230076831,-3.83407961915056,0.722915017613934
"no","MIT","MIT","east","heavy","LD-LR",5.73315794768001,2.15632200738028,9.30999388797974,0.16122108462109,-5.85059497032505,6.17303713956723
"no","MIT","MIT","east","heavy","LD-HR",4.48979286490102,0.55429203038923,8.42529369941282,-0.955289646408172,-7.58299312136085,5.67241382854451
"no","MIT","MIT","east","heavy","HD-HR",2.79506822519821,-0.678904394312033,6.26904084470846,-2.47391781396005,-7.9765998515708,3.0287642236507
"no","MIT","MIT","east","medium","LD-LR",5.03376779769453,1.8948356328146,8.17269996257446,0.154185461479553,-5.09781030967056,5.40618123262967
"no","MIT","MIT","east","medium","LD-HR",3.93217474517766,0.485062807319427,7.37928668303589,-0.729162413595845,-6.41582719144465,4.95750236425295
"no","MIT","MIT","east","medium","HD-HR",2.4138262819825,-0.588207092157138,5.41585965612213,-2.10416882199008,-6.84792324811985,2.63958560413969
"no","MIT","MIT","east","light","LD-LR",4.10834334870154,1.546477415459,6.67020928194408,0.11893369879063,-4.16986433479283,4.40773173237409
"no","MIT","MIT","east","light","LD-HR",3.28606316607644,0.405324959897055,6.16680137225582,-0.530989683990117,-5.24379785535737,4.18181848737714
"no","MIT","MIT","east","light","HD-HR",2.00602008836216,-0.486740418925167,4.49878059564949,-1.66007278902781,-6.42740211286165,3.10725653480602
"no","CWW","CWW","north","heavy","LD-LR",7.75013500885315,7.2178429739937,8.2824270437126,2.29053285801305,-0.930806206068734,5.51187192209484
"no","CWW","CWW","north","heavy","LD-HR",7.25849246410281,6.49333536018439,8.02364956802123,2.09255733452453,-0.852166002881654,5.03728067193072
"no","CWW","CWW","north","heavy","HD-HR",7.0109243692081,6.47312238755218,7.54872635086402,2.02762126654622,-0.893537710871997,4.94878024396443
"no","CWW","CWW","north","medium","LD-LR",6.92676197351396,6.48378527633444,7.36973867069347,2.04717963729898,-0.846212956785362,4.94057223138332
"no","CWW","CWW","north","medium","LD-HR",6.56499872966564,5.94747217867415,7.18252528065712,1.90366157089213,-0.782308969624083,4.58963211140835
"no","CWW","CWW","north","medium","HD-HR",6.35269121767689,5.93228226293172,6.77310017242207,1.83469611370431,-0.840608263043352,4.51000049045198
"no","CWW","CWW","north","light","LD-LR",5.65341269136684,5.29204675633079,6.01477862640288,1.66400304145593,-0.70282749413964,4.0308335770515
"no","CWW","CWW","north","light","LD-HR",5.35931804803056,4.85606645945483,5.8625696366063,1.54226519796401,-0.659190222009716,3.74372061793773
"no","CWW","CWW","north","light","HD-HR",5.18672592968093,4.84372322009648,5.52972863926539,1.52063305229095,-0.649183093948493,3.6904491985304
"no","CWW","CWW","central","heavy","LD-LR",7.75371090459883,7.22319133582342,8.28423047337425,2.29373822672841,-0.928398756287199,5.51587520974402
"no","CWW","CWW","central","heavy","LD-HR",7.26493245657832,6.50263713024662,8.02722778291001,2.09815146427697,-0.848091720398704,5.04439464895264
"no","CWW","CWW","central","heavy","HD-HR",7.01752655574938,6.48240027739599,7.55265283410277,2.0333780611385,-0.889189940749251,4.95594606302625
"no","CWW","CWW","central","medium","LD-LR",6.92917407648009,6.48739555053566,7.37095260242451,2.04959174026511,-0.844185313478693,4.94336879400891
"no","CWW","CWW","central","medium","LD-HR",6.57036844716979,5.95532300316107,7.18541389117851,1.90903128839629,-0.777771961448129,4.59583453824071
"no","CWW","CWW","central","medium","HD-HR",6.35837700315005,5.94029269047893,6.77646131582117,1.84038189917747,-0.835685281678824,4.51644908003377
"no","CWW","CWW","central","light","LD-LR",5.65537387615728,5.29498206076483,6.01576569154973,1.66596422624637,-0.701176898468011,4.03310535096076
"no","CWW","CWW","central","light","LD-HR",5.3636828519226,4.86244780060453,5.86491790324067,1.54663000185605,-0.655494116996791,3.74875412070889
"no","CWW","CWW","central","light","HD-HR",5.19134742312075,4.85023423751219,5.5324606087293,1.52525454573077,-0.645191367507591,3.69570045896913
"no","CWW","CWW","east","heavy","LD-LR",7.91748955382201,7.46599578667354,8.36898332097048,2.34555269076309,-0.982742326010513,5.67384770753669
"no","CWW","CWW","east","heavy","LD-HR",7.74283743167417,7.20784711598364,8.2778277473647,2.29775492036497,-0.912120301454518,5.50763014218446
"no","CWW","CWW","east","heavy","HD-HR",7.54089461865098,7.221899118586,7.85989011871596,2.27190857949272,-0.91366353476675,5.45748069375219
"no","CWW","CWW","east","medium","LD-LR",6.92917407648009,6.48739555053566,7.37095260242451,2.04959174026511,-0.844185313478693,4.94336879400891
"no","CWW","CWW","east","medium","LD-HR",6.57036844716979,5.95532300316107,7.18541389117851,1.90903128839629,-0.777771961448129,4.59583453824071
"no","CWW","CWW","east","medium","HD-HR",6.35837700315005,5.94029269047893,6.77646131582117,1.84038189917747,-0.835685281678824,4.51644908003377
"no","CWW","CWW","east","light","LD-LR",5.65537387615728,5.29498206076483,6.01576569154973,1.66596422624637,-0.701176898468011,4.03310535096076
"no","CWW","CWW","east","light","LD-HR",5.3636828519226,4.86244780060453,5.86491790324067,1.54663000185605,-0.655494116996791,3.74875412070889
"no","CWW","CWW","east","light","HD-HR",5.19134742312075,4.85023423751219,5.5324606087293,1.52525454573077,-0.645191367507591,3.69570045896913
"lower","BAU_lower","BAU","north","heavy","LD-LR",5.55886755026162,2.09012675016753,9.0276083503557,0,0,0
"upper","BAU_upper","BAU","north","heavy","LD-LR",4.9379858083163,1.82058920893227,8.05538240770032,0,0,0
"lower","BAU_lower","BAU","north","heavy","LD-HR",5.4309257525754,2.04013840728572,8.82171309786508,0,0,0
"upper","BAU_upper","BAU","north","heavy","LD-HR",4.01204431320706,1.24188631049788,6.78220231591625,0,0,0
"lower","BAU_lower","BAU","north","heavy","HD-HR",5.35103405084606,2.01505620417594,8.68701189751617,0,0,0
"upper","BAU_upper","BAU","north","heavy","HD-HR",3.44411322261486,1.24298077787517,5.64524566735455,0,0,0
"lower","BAU_lower","BAU","north","medium","LD-LR",4.94021212072151,1.85707868913124,8.02334555231177,0,0,0
"upper","BAU_upper","BAU","north","medium","LD-LR",4.53722863039132,1.6941221602788,7.38033510050384,0,0,0
"lower","BAU_lower","BAU","north","medium","LD-HR",4.85323136614309,1.82469744827836,7.88176528400782,0,0,0
"upper","BAU_upper","BAU","north","medium","LD-HR",3.78347907651633,1.25786824387968,6.30908990915297,0,0,0
"lower","BAU_lower","BAU","north","medium","HD-HR",4.79318561698826,1.80601387539936,7.78035735857716,0,0,0
"upper","BAU_upper","BAU","north","medium","HD-HR",3.31949236551234,1.23068975995481,5.40829497106986,0,0,0
"lower","BAU_lower","BAU","north","light","LD-LR",4.03399997844169,1.51628172910046,6.55171822778293,0,0,0
"upper","BAU_upper","BAU","north","light","LD-LR",3.73174086443901,1.39583883781544,6.06764289106259,0,0,0
"lower","BAU_lower","BAU","north","light","LD-HR",3.96645701343506,1.49128182780582,6.4416321990643,0,0,0
"upper","BAU_upper","BAU","north","light","LD-HR",3.12230369420125,1.05112558974024,5.19348179866226,0,0,0
"lower","BAU_lower","BAU","north","light","HD-HR",3.9008327158475,1.46941619172342,6.33224923997158,0,0,0
"upper","BAU_upper","BAU","north","light","HD-HR",2.64534358764592,0.976059362953997,4.31462781233784,0,0,0
"lower","BAU_lower","BAU","central","heavy","LD-LR",5.55897786016597,2.09017294095382,9.02778277937811,0,0,0
"upper","BAU_upper","BAU","central","heavy","LD-LR",4.93957975520069,1.82138409196965,8.05777541843173,0,0,0
"lower","BAU_lower","BAU","central","heavy","LD-HR",5.43129895598549,2.04031811725404,8.82227979471693,0,0,0
"upper","BAU_upper","BAU","central","heavy","LD-HR",4.01462711222153,1.24349364633471,6.78576057810835,0,0,0
"lower","BAU_lower","BAU","central","heavy","HD-HR",5.35144903135555,2.01525121848087,8.68764684423023,0,0,0
"upper","BAU_upper","BAU","central","heavy","HD-HR",3.44643897837018,1.24401776295389,5.64886019378648,0,0,0
"lower","BAU_lower","BAU","central","medium","LD-LR",4.94021212072151,1.85707868913124,8.02334555231177,0,0,0
"upper","BAU_upper","BAU","central","medium","LD-LR",4.53722863039132,1.6941221602788,7.38033510050384,0,0,0
"lower","BAU_lower","BAU","central","medium","LD-HR",4.85323136614309,1.82469744827836,7.88176528400782,0,0,0
"upper","BAU_upper","BAU","central","medium","LD-HR",3.78347907651633,1.25786824387968,6.30908990915297,0,0,0
"lower","BAU_lower","BAU","central","medium","HD-HR",4.79318561698826,1.80601387539936,7.78035735857716,0,0,0
"upper","BAU_upper","BAU","central","medium","HD-HR",3.31949236551234,1.23068975995481,5.40829497106986,0,0,0
"lower","BAU_lower","BAU","central","light","LD-LR",4.03399997844169,1.51628172910046,6.55171822778293,0,0,0
"upper","BAU_upper","BAU","central","light","LD-LR",3.73174086443901,1.39583883781544,6.06764289106259,0,0,0
"lower","BAU_lower","BAU","central","light","LD-HR",3.96645701343506,1.49128182780582,6.4416321990643,0,0,0
"upper","BAU_upper","BAU","central","light","LD-HR",3.12230369420125,1.05112558974024,5.19348179866226,0,0,0
"lower","BAU_lower","BAU","central","light","HD-HR",3.9008327158475,1.46941619172342,6.33224923997158,0,0,0
"upper","BAU_upper","BAU","central","light","HD-HR",2.64534358764592,0.976059362953997,4.31462781233784,0,0,0
"lower","BAU_lower","BAU","east","heavy","LD-LR",5.59374074111945,2.10202812754031,9.08545335469859,0,0,0
"upper","BAU_upper","BAU","east","heavy","LD-LR",5.41665937050488,2.03917974305959,8.79413899795018,0,0,0
"lower","BAU_lower","BAU","east","heavy","LD-HR",5.55444598797783,2.08864325665487,9.02024871930079,0,0,0
"upper","BAU_upper","BAU","east","heavy","LD-HR",4.87669811659299,1.78745132886301,7.96594490432297,0,0,0
"lower","BAU_lower","BAU","east","heavy","HD-HR",5.48474547964285,2.06623580623087,8.90325515305482,0,0,0
"upper","BAU_upper","BAU","east","heavy","HD-HR",4.28008971758147,1.61266517901586,6.94751425614708,0,0,0
"lower","BAU_lower","BAU","east","medium","LD-LR",4.94021212072151,1.85707868913124,8.02334555231177,0,0,0
"upper","BAU_upper","BAU","east","medium","LD-LR",4.53722863039132,1.6941221602788,7.38033510050384,0,0,0
"lower","BAU_lower","BAU","east","medium","LD-HR",4.85323136614309,1.82469744827836,7.88176528400782,0,0,0
"upper","BAU_upper","BAU","east","medium","LD-HR",3.78347907651633,1.25786824387968,6.30908990915297,0,0,0
"lower","BAU_lower","BAU","east","medium","HD-HR",4.79318561698826,1.80601387539936,7.78035735857716,0,0,0
"upper","BAU_upper","BAU","east","medium","HD-HR",3.31949236551234,1.23068975995481,5.40829497106986,0,0,0
"lower","BAU_lower","BAU","east","light","LD-LR",4.03399997844169,1.51628172910046,6.55171822778293,0,0,0
"upper","BAU_upper","BAU","east","light","LD-LR",3.73174086443901,1.39583883781544,6.06764289106259,0,0,0
"lower","BAU_lower","BAU","east","light","LD-HR",3.96645701343506,1.49128182780582,6.4416321990643,0,0,0
"upper","BAU_upper","BAU","east","light","LD-HR",3.12230369420125,1.05112558974024,5.19348179866226,0,0,0
"lower","BAU_lower","BAU","east","light","HD-HR",3.9008327158475,1.46941619172342,6.33224923997158,0,0,0
"upper","BAU_upper","BAU","east","light","HD-HR",2.64534358764592,0.976059362953997,4.31462781233784,0,0,0
"lower","MIT_lower","MIT","north","heavy","LD-LR",4.80948954318207,0.593781396901906,9.02519768946224,-0.749378007079544,-5.96076742663694,4.46201141247785
"upper","MIT_upper","MIT","north","heavy","LD-LR",4.66098481526678,0.574068796909697,8.74790083362386,-0.27700099304952,-5.25012022492625,4.69611823882721
"lower","MIT_lower","MIT","north","heavy","LD-HR",2.94644625550621,-0.70651676434911,6.59940927536153,-2.48447949706919,-5.6866916411302,0.717732646991824
"upper","MIT_upper","MIT","north","heavy","LD-HR",2.54775670809842,-0.666316193559785,5.76182960975663,-1.46428760510864,-4.05500870438761,1.12643349417033
"lower","MIT_lower","MIT","north","heavy","HD-HR",2.69929438911072,-0.6544414629285,6.05303024114993,-2.65173966173534,-7.96248024179156,2.65900091832088
"upper","MIT_upper","MIT","north","heavy","HD-HR",1.73494864930846,-0.416107876512702,3.88600517512962,-1.7091645733064,-5.31395458094615,1.89562543433335
"lower","MIT_lower","MIT","north","medium","LD-LR",4.26740649735438,0.526858608468624,8.00795438624014,-0.672805623367124,-5.29657896228415,3.9509677155499
"upper","MIT_upper","MIT","north","medium","LD-LR",4.17837845882782,0.515527388158313,7.84122952949733,-0.358850171563497,-4.83958201582019,4.1218816726932
"lower","MIT_lower","MIT","north","medium","LD-HR",2.62282748818069,-0.628664591047779,5.87431956740917,-2.2304038779624,-5.08483993933143,0.624032183406634
"upper","MIT_upper","MIT","north","medium","LD-HR",2.34137919004386,-0.588628295452634,5.27138667554034,-1.44209988647247,-3.91239440412072,1.02819463117578
"lower","MIT_lower","MIT","north","medium","HD-HR",2.42276513762269,-0.587934586946548,5.43346486219193,-2.37042047936557,-7.12214576986646,2.38130481113532
"upper","MIT_upper","MIT","north","medium","HD-HR",1.71315013548313,-0.412088382341818,3.83838865330808,-1.6063422300292,-5.06996182080544,1.85727736074703
"lower","MIT_lower","MIT","north","light","LD-LR",3.48305713229633,0.430022232259086,6.53609203233357,-0.550942846145361,-4.324566552459,3.22268086016828
"upper","MIT_upper","MIT","north","light","LD-LR",3.4137968013924,0.421290439087937,6.40630316369686,-0.317944063046616,-3.9749027104043,3.33901458431107
"lower","MIT_lower","MIT","north","light","LD-HR",2.14664473111152,-0.514440894274109,4.80773035649715,-1.81981228232354,-4.15261983887962,0.512995274232543
"upper","MIT_upper","MIT","north","light","LD-HR",1.95940662483659,-0.482789753043509,4.40160300271669,-1.16289706936466,-3.22654376785303,0.90074962912372
"lower","MIT_lower","MIT","north","light","HD-HR",1.97731525786705,-0.47983699260632,4.43446750834042,-1.92351745798045,-5.79805086239566,1.95101594643476
"upper","MIT_upper","MIT","north","light","HD-HR",1.39772305354956,-0.336209580739028,3.13165568783815,-1.24762053409636,-4.04735355565074,1.55211248745802
"lower","MIT_lower","MIT","central","heavy","LD-LR",4.80948954318207,0.593781396901906,9.02519768946224,-0.749488316983892,-5.96093842356696,4.46196178959918
"upper","MIT_upper","MIT","central","heavy","LD-LR",4.66098481526678,0.574068796909697,8.74790083362386,-0.278594939933912,-5.25286510531103,4.69567522544321
"lower","MIT_lower","MIT","central","heavy","LD-HR",2.97193568870912,-0.712181842895077,6.65605322031332,-2.45936326727636,-5.67978129727165,0.761054762718919
"upper","MIT_upper","MIT","central","heavy","LD-HR",2.72671643858254,-0.66892789166254,6.12236076882761,-1.28791067363899,-4.09064080407172,1.51481945679374
"lower","MIT_lower","MIT","central","heavy","HD-HR",2.92199589215119,-0.700200110264498,6.54419189456688,-2.42945313920436,-5.60245947945654,0.743553201047829
"upper","MIT_upper","MIT","central","heavy","HD-HR",2.14627724989986,-0.514764891516454,4.80731939131616,-1.30016172847033,-3.72053081160568,1.12020735466503
"lower","MIT_lower","MIT","central","medium","LD-LR",4.26740649735438,0.526858608468624,8.00795438624014,-0.672805623367124,-5.29657896228415,3.9509677155499
"upper","MIT_upper","MIT","central","medium","LD-LR",4.17837845882782,0.515527388158313,7.84122952949733,-0.358850171563497,-4.83958201582019,4.1218816726932
"lower","MIT_lower","MIT","central","medium","LD-HR",2.63932931960371,-0.632436165347823,5.91109480455524,-2.21390204653938,-5.07964858893781,0.651844495859048
"upper","MIT_upper","MIT","central","medium","LD-HR",2.4833582838165,-0.600639870388103,5.56735643802111,-1.30012079269982,-3.93089411545188,1.33065253005224
"lower","MIT_lower","MIT","central","medium","HD-HR",2.59931531119712,-0.623012799057812,5.82164342145205,-2.19387030579114,-5.02695511237434,0.639214500792049
"upper","MIT_upper","MIT","central","medium","HD-HR",1.98686068951085,-0.482441136658698,4.4561625156804,-1.33263167600148,-3.66833590947115,1.00307255746818
"lower","MIT_lower","MIT","central","light","LD-LR",3.48305945665955,0.43002252161729,6.53609639170181,-0.550940521782142,-4.32456489832026,3.22268385475598
"upper","MIT_upper","MIT","central","light","LD-LR",3.41384799381827,0.421297655013126,6.4063983326234,-0.317892870620751,-3.97487276107307,3.33908701983156
"lower","MIT_lower","MIT","central","light","LD-HR",2.15401614414283,-0.516145386361858,4.82417767464752,-1.81244086929223,-4.15028948419316,0.525407745608699
"upper","MIT_upper","MIT","central","light","LD-HR",2.02699039953661,-0.490276282838147,4.54425708191137,-1.09531329466464,-3.23550024927669,1.04487365994741
"lower","MIT_lower","MIT","central","light","HD-HR",2.19540715370781,-0.526303464765508,4.91711777218112,-1.70542556213969,-4.06172995523342,0.650878830954037
"upper","MIT_upper","MIT","central","light","HD-HR",1.72376111835703,-0.424831734467443,3.87235397118151,-0.921582469288888,-2.88990659330147,1.04674165472369
"lower","MIT_lower","MIT","east","heavy","LD-LR",5.74581877648091,2.16046306668227,9.33117448627955,0.15207803536146,-5.8848762276315,6.18903229835442
"upper","MIT_upper","MIT","east","heavy","LD-LR",5.63071753781819,2.12258121064264,9.13885386499373,0.2140581673133,-5.6430579061432,6.0711742407698
"lower","MIT_lower","MIT","east","heavy","LD-HR",4.50167660195157,0.555781944893885,8.44757125900926,-1.05276938602626,-7.78545993579996,5.67992116374744
"upper","MIT_upper","MIT","east","heavy","LD-HR",4.39220544248169,0.542034451003101,8.24237643396028,-0.484492674111304,-6.58663197382587,5.61764662560327
"lower","MIT_lower","MIT","east","heavy","HD-HR",2.81601678074157,-0.683696923366332,6.31573048484948,-2.66872869890127,-8.34359842785337,3.00614103005083
"upper","MIT_upper","MIT","east","heavy","HD-HR",2.67123670923201,-0.650741358157051,5.99321477662107,-1.60885300834946,-6.32826904100044,3.11056302430151
"lower","MIT_lower","MIT","east","medium","LD-LR",5.07877352694662,1.91023276389667,8.24731428999657,0.138561406225112,-5.1900943997846,5.46721721223483
"upper","MIT_upper","MIT","east","medium","LD-LR",4.77004344979237,1.79744964832328,7.74263725126145,0.232814819401047,-4.61778542969621,5.08341506849831
"lower","MIT_lower","MIT","east","medium","LD-HR",3.97467131180584,0.490689754011974,7.45865286959971,-0.878560054337248,-6.77132716839501,5.01420705972051
"upper","MIT_upper","MIT","east","medium","LD-HR",3.68714230979494,0.447496634310584,6.92678798527929,-0.0963367667213917,-4.84827180307782,4.65559826963503
"lower","MIT_lower","MIT","east","medium","HD-HR",2.47500352325776,-0.601617937504202,5.55162498401972,-2.3181820937305,-7.28964436561318,2.65328017815218
"upper","MIT_upper","MIT","east","medium","HD-HR",2.10581478593308,-0.521457734105665,4.73308730597183,-1.21367757957926,-4.97118769455152,2.54383253539301
"lower","MIT_lower","MIT","east","light","LD-LR",4.14490268217006,1.55898402266809,6.73082134167202,0.110902703728366,-4.23862276397493,4.46042817143166
"upper","MIT_upper","MIT","east","light","LD-LR",3.89324971786379,1.46702432746818,6.31947510825939,0.161508853424772,-3.80505059877226,4.12806830562181
"lower","MIT_lower","MIT","east","light","LD-HR",3.32160225846365,0.410061860957554,6.23314265596976,-0.644854754971405,-5.52127151019862,4.23156200025581
"upper","MIT_upper","MIT","east","light","LD-HR",3.0777911823004,0.372640103121439,5.78294226147937,-0.044512511900845,-3.99998846997973,3.91096344617804
"lower","MIT_lower","MIT","east","light","HD-HR",2.03207740731496,-0.493227014599842,4.55738182922977,-1.86875530853254,-6.81542868746375,3.07791807039867
"upper","MIT_upper","MIT","east","light","HD-HR",1.8617775079552,-0.451085478020262,4.17464049393066,-0.783566079690722,-4.74637572846585,3.17924356908441
"lower","CWW_lower","CWW","north","heavy","LD-LR",7.88540075824169,7.41480932999698,8.35599218648641,2.32653320798007,-0.985209440504834,5.63827585646498
"upper","CWW_upper","CWW","north","heavy","LD-LR",7.04890723405364,6.25865515250979,7.83915931559749,2.11092142573734,-0.686373547079706,4.90821639855439
"lower","CWW_lower","CWW","north","heavy","LD-HR",7.66656519088104,7.08689878186093,8.24623159990114,2.23563943830564,-0.949793314395674,5.42107219100696
"upper","CWW_upper","CWW","north","heavy","LD-HR",5.51999256233798,4.04710407986847,6.99288104480749,1.50794824913092,-0.483009626695971,3.49890612495782
"lower","CWW_lower","CWW","north","heavy","HD-HR",7.55772649507776,7.06765749181045,8.04779549834506,2.2066924442317,-0.965238769636429,5.37862365809983
"upper","CWW_upper","CWW","north","heavy","HD-HR",4.75435981057514,4.05484672577275,5.45387289537754,1.31024658796028,-0.624755060525564,3.24524823644613
"lower","CWW_lower","CWW","north","medium","LD-LR",7.00838573519201,6.60200604983525,7.41476542054877,2.0681736144705,-0.880445212804417,5.01679244174542
"upper","CWW_upper","CWW","north","medium","LD-LR",6.473786764309,5.88006419226745,7.06750933635055,1.93655813391768,-0.680097590662311,4.55321385849767
"lower","CWW_lower","CWW","north","medium","LD-HR",6.85901573168644,6.37678065800644,7.34125080536643,2.00578436554335,-0.855737724193271,4.86730645527997
"upper","CWW_upper","CWW","north","medium","LD-HR",5.25325799519212,4.1009031521247,6.40561283825955,1.4697789186758,-0.493385244125254,3.43294308147685
"lower","CWW_lower","CWW","north","medium","HD-HR",6.76945616928028,6.36438895240424,7.17452338615632,1.97627055229202,-0.879232942504829,4.83177404708887
"upper","CWW_upper","CWW","north","medium","HD-HR",4.56887198901383,4.09282242237983,5.04492155564783,1.24937962350149,-0.689232317211876,3.18799156421487
"lower","CWW_lower","CWW","north","light","LD-LR",5.71970875491387,5.38806286559019,6.05135464423755,1.68570877647218,-0.722454744740945,4.0938722976853
"upper","CWW_upper","CWW","north","light","LD-LR",5.28374920213788,4.7987900017775,5.76870840249827,1.55200833769886,-0.60337946281566,3.70739613821339
"lower","CWW_lower","CWW","north","light","LD-HR",5.59789244137535,5.20438449505306,5.99140038769763,1.63143542794029,-0.708134094322447,3.97100495020302
"upper","CWW_upper","CWW","north","light","LD-HR",4.28664409221606,3.34528571580998,5.22800246862215,1.16434039801482,-0.459725616474095,2.78840641250373
"lower","CWW_lower","CWW","north","light","HD-HR",5.52485357494703,5.19427830049148,5.85542884940257,1.62402085909952,-0.699222159326696,3.94726387752574
"upper","CWW_upper","CWW","north","light","HD-HR",3.7273291437796,3.33872453961644,4.11593374794275,1.08198555613368,-0.457690327244694,2.62166143951205
"lower","CWW_lower","CWW","central","heavy","LD-LR",7.88673379326175,7.41684302458065,8.35662456194285,2.32775593309578,-0.984277856718666,5.63978972291023
"upper","CWW_upper","CWW","central","heavy","LD-LR",7.06206718358023,6.278015794185,7.84611857297546,2.12248742837954,-0.677758991961033,4.92273384872011
"lower","CWW_lower","CWW","central","heavy","LD-HR",7.66982469676203,7.09170411394687,8.24794527957719,2.23852574077654,-0.947668564207441,5.42472004576052
"upper","CWW_upper","CWW","central","heavy","LD-HR",5.5370772971865,4.07111747828321,7.0030371160898,1.52245018496498,-0.472721193139385,3.51762156306934
"lower","CWW_lower","CWW","central","heavy","HD-HR",7.56125509901211,7.07263332826995,8.04987686975426,2.20980606765656,-0.962857274900528,5.38246941021364
"upper","CWW_upper","CWW","central","heavy","HD-HR",4.77064812108452,4.07761469772983,5.46368154443921,1.32420914271434,-0.614447478741441,3.26286576417011
"lower","CWW_lower","CWW","central","medium","LD-LR",7.00919874552715,6.60324645971087,7.41515103134343,2.06898662480564,-0.879767546156284,5.01774079576757
"upper","CWW_upper","CWW","central","medium","LD-LR",6.48346163140163,5.89433773362054,7.07258552918272,1.94623300101031,-0.671875548416678,4.56434155043729
"lower","CWW_lower","CWW","central","medium","LD-HR",6.86156796375666,6.38058421530883,7.34255171220448,2.00833659761357,-0.853599748218786,4.87027294344592
"upper","CWW_upper","CWW","central","medium","LD-HR",5.26868346547174,4.12291970737885,6.41444722356463,1.48520438895541,-0.480165250467383,3.4505740283782
"lower","CWW_lower","CWW","central","medium","HD-HR",6.77231258545254,6.36842567802336,7.17619949288172,1.97912696846428,-0.876764989881553,4.83501892681011
"upper","CWW_upper","CWW","central","medium","HD-HR",4.58412617067127,4.11419114745859,5.05406119388396,1.26463380515894,-0.675764050167907,3.20503166048579
"lower","CWW_lower","CWW","central","light","LD-LR",5.72037179246874,5.38907446083357,6.05166912410392,1.68637181402705,-0.721901864095008,4.09464549214911
"upper","CWW_upper","CWW","central","light","LD-LR",5.2916514379079,4.81044903687719,5.77285383893861,1.55991057346888,-0.596629351612324,3.71645049855009
"lower","CWW_lower","CWW","central","light","LD-HR",5.59997387335495,5.20748641216665,5.99246133454324,1.63351685991988,-0.706388584120299,3.97342230396007
"upper","CWW_upper","CWW","central","light","LD-HR",4.29924728909134,3.363273693448,5.23522088473469,1.1769435948901,-0.448843476209569,2.80273066598976
"lower","CWW_lower","CWW","central","light","HD-HR",5.52718307939819,5.19757038825872,5.85679577053765,1.62635036355069,-0.697211592668951,3.94991231977032
"upper","CWW_upper","CWW","central","light","HD-HR",3.73979125430645,3.35618188573674,4.12340062287617,1.09444766666053,-0.446790112423585,2.63568544574465
"lower","CWW_lower","CWW","east","heavy","LD-LR",7.9387024532502,7.49524819934471,8.3821567071557,2.34496171213075,-1.00138242012054,5.69130584438204
"upper","CWW_upper","CWW","east","heavy","LD-LR",7.75854445018855,7.29741873405343,8.21967016632367,2.34188507968366,-0.879034413839603,5.56280457320692
"lower","CWW_lower","CWW","east","heavy","LD-HR",7.88559537136763,7.41549670549506,8.35569403724021,2.3311493833898,-0.977270880770159,5.63956964754976
"upper","CWW_upper","CWW","east","heavy","LD-HR",6.99659219816887,6.18381519224948,7.80936920408826,2.11989408157588,-0.631565251027893,4.87135341417965
"lower","CWW_lower","CWW","east","heavy","HD-HR",7.8094731429483,7.42478150746406,8.19416477843253,2.32472766330545,-0.973732946766746,5.62318827337765
"upper","CWW_upper","CWW","east","heavy","HD-HR",6.27909506099267,6.14512013756499,6.41306998442036,1.9990053434112,-0.673112568965396,4.6711232557878
"lower","CWW_lower","CWW","east","medium","LD-LR",7.00919874552715,6.60324645971087,7.41515103134343,2.06898662480564,-0.879767546156284,5.01774079576757
"upper","CWW_upper","CWW","east","medium","LD-LR",6.48346163140163,5.89433773362054,7.07258552918272,1.94623300101031,-0.671875548416678,4.56434155043729
"lower","CWW_lower","CWW","east","medium","LD-HR",6.86156796375666,6.38058421530883,7.34255171220448,2.00833659761357,-0.853599748218786,4.87027294344592
"upper","CWW_upper","CWW","east","medium","LD-HR",5.26868346547174,4.12291970737885,6.41444722356463,1.48520438895541,-0.480165250467383,3.4505740283782
"lower","CWW_lower","CWW","east","medium","HD-HR",6.77231258545254,6.36842567802336,7.17619949288172,1.97912696846428,-0.876764989881553,4.83501892681011
"upper","CWW_upper","CWW","east","medium","HD-HR",4.58412617067127,4.11419114745859,5.05406119388396,1.26463380515894,-0.675764050167907,3.20503166048579
"lower","CWW_lower","CWW","east","light","LD-LR",5.72037179246874,5.38907446083357,6.05166912410392,1.68637181402705,-0.721901864095008,4.09464549214911
"upper","CWW_upper","CWW","east","light","LD-LR",5.2916514379079,4.81044903687719,5.77285383893861,1.55991057346888,-0.596629351612324,3.71645049855009
"lower","CWW_lower","CWW","east","light","LD-HR",5.59997387335495,5.20748641216665,5.99246133454324,1.63351685991988,-0.706388584120299,3.97342230396007
"upper","CWW_upper","CWW","east","light","LD-HR",4.29924728909134,3.363273693448,5.23522088473469,1.1769435948901,-0.448843476209569,2.80273066598976
"lower","CWW_lower","CWW","east","light","HD-HR",5.52718307939819,5.19757038825872,5.85679577053765,1.62635036355069,-0.697211592668951,3.94991231977032
"upper","CWW_upper","CWW","east","light","HD-HR",3.73979125430645,3.35618188573674,4.12340062287617,1.09444766666053,-0.446790112423585,2.63568544574465
