"ID","scenario","region","soiltype","initdenres_collapsed","year","crop","ww_yield_mean","ww_yield_sd","ww_yield_se","ww_yield_n","ww_yield_ci_l","ww_yield_ci_u","prod_cost_mean","prod_cost_sd","prod_cost_se","prod_cost_n","prod_cost_ci_l","prod_cost_ci_u"
"BAU_n_h_LD-LR_1","BAU","north","heavy","LD-LR",1,"winterwheat",8.366,0,0,74,8.366,8.366,0,0,0,74,0,0
"BAU_n_h_LD-LR_2","BAU","north","heavy","LD-LR",2,"winterwheat",7.60017553709076,0.162819600180515,0.0189273940621976,74,7.56307784472885,7.63727322945266,0,0,0,74,0,0
"BAU_n_h_LD-LR_3","BAU","north","heavy","LD-LR",3,"wosr",0,0,0,74,0,0,0,0,0,74,0,0
"BAU_n_h_LD-LR_4","BAU","north","heavy","LD-LR",4,"winterwheat",8.38707858750877,0.250316048550394,0.0290986495836665,74,8.33004523432478,8.44411194069275,0,0,0,74,0,0
"BAU_n_h_LD-LR_5","BAU","north","heavy","LD-LR",5,"winterwheat",7.50471898357446,0.0631285514425032,0.00733854504250873,74,7.49033543529114,7.51910253185777,0,0,0,74,0,0
"BAU_n_h_LD-LR_6","BAU","north","heavy","LD-LR",6,"wosr",0,0,0,74,0,0,0,0,0,74,0,0
"BAU_n_m_LD-LR_1","BAU","north","medium","LD-LR",1,"winterwheat",7.416,0,0,74,7.416,7.416,0,0,0,74,0,0
"BAU_n_m_LD-LR_2","BAU","north","medium","LD-LR",2,"winterwheat",6.82342046123207,0.130122074848108,0.0151263839495391,74,6.79377274869097,6.85306817377317,0,0,0,74,0,0
"BAU_n_m_LD-LR_3","BAU","north","medium","LD-LR",3,"wosr",0,0,0,74,0,0,0,0,0,74,0,0
"BAU_n_m_LD-LR_4","BAU","north","medium","LD-LR",4,"winterwheat",7.59320149568032,0.176958133809675,0.0205709652118875,74,7.55288240386502,7.63352058749562,0,0,0,74,0,0
"BAU_n_m_LD-LR_5","BAU","north","medium","LD-LR",5,"winterwheat",6.69408068658719,0.0365605079508459,0.00425007272056047,74,6.68575054405489,6.70241082911949,0,0,0,74,0,0
"BAU_n_m_LD-LR_6","BAU","north","medium","LD-LR",6,"wosr",0,0,0,74,0,0,0,0,0,74,0,0
"BAU_n_l_LD-LR_1","BAU","north","light","LD-LR",1,"winterwheat",6.054,0,0,74,6.054,6.054,0,0,0,74,0,0
"BAU_n_l_LD-LR_2","BAU","north","light","LD-LR",2,"winterwheat",5.57583795012573,0.104190704501263,0.0121119233773268,74,5.55209858030617,5.59957731994529,0,0,0,74,0,0
"BAU_n_l_LD-LR_3","BAU","north","light","LD-LR",3,"wosr",0,0,0,74,0,0,0,0,0,74,0,0
"BAU_n_l_LD-LR_4","BAU","north","light","LD-LR",4,"winterwheat",6.23112442155287,0.133170573199805,0.0154807646846383,74,6.20078212277097,6.26146672033476,0,0,0,74,0,0
"BAU_n_l_LD-LR_5","BAU","north","light","LD-LR",5,"winterwheat",5.46802398444481,0.0272052398522525,0.00316254489428361,74,5.46182539645201,5.47422257243761,0,0,0,74,0,0
"BAU_n_l_LD-LR_6","BAU","north","light","LD-LR",6,"wosr",0,0,0,74,0,0,0,0,0,74,0,0
"BAU_c_h_LD-LR_1","BAU","central","heavy","LD-LR",1,"winterwheat",8.366,0,0,74,8.366,8.366,0,0,0,74,0,0
"BAU_c_h_LD-LR_2","BAU","central","heavy","LD-LR",2,"winterwheat",7.6019029484431,0.161915156535224,0.0188222546240556,74,7.56501132937995,7.63879456750625,0,0,0,74,0,0
"BAU_c_h_LD-LR_3","BAU","central","heavy","LD-LR",3,"wosr",0,0,0,74,0,0,0,0,0,74,0,0
"BAU_c_h_LD-LR_4","BAU","central","heavy","LD-LR",4,"winterwheat",8.38767528671005,0.250111528106265,0.0290748745649617,74,8.33068853256273,8.44466204085738,0,0,0,74,0,0
"BAU_c_h_LD-LR_5","BAU","central","heavy","LD-LR",5,"winterwheat",7.50553992530365,0.062820698852093,0.00730275790579237,74,7.4912265198083,7.519853330799,0,0,0,74,0,0
"BAU_c_h_LD-LR_6","BAU","central","heavy","LD-LR",6,"wosr",0,0,0,74,0,0,0,0,0,74,0,0
"BAU_c_m_LD-LR_1","BAU","central","medium","LD-LR",1,"winterwheat",7.416,0,0,74,7.416,7.416,0,0,0,74,0,0
"BAU_c_m_LD-LR_2","BAU","central","medium","LD-LR",2,"winterwheat",6.82342046123207,0.130122074848108,0.0151263839495391,74,6.79377274869097,6.85306817377317,0,0,0,74,0,0
"BAU_c_m_LD-LR_3","BAU","central","medium","LD-LR",3,"wosr",0,0,0,74,0,0,0,0,0,74,0,0
"BAU_c_m_LD-LR_4","BAU","central","medium","LD-LR",4,"winterwheat",7.59320149568032,0.176958133809675,0.0205709652118875,74,7.55288240386502,7.63352058749562,0,0,0,74,0,0
"BAU_c_m_LD-LR_5","BAU","central","medium","LD-LR",5,"winterwheat",6.69408068658719,0.0365605079508459,0.00425007272056047,74,6.68575054405489,6.70241082911949,0,0,0,74,0,0
"BAU_c_m_LD-LR_6","BAU","central","medium","LD-LR",6,"wosr",0,0,0,74,0,0,0,0,0,74,0,0
"BAU_c_l_LD-LR_1","BAU","central","light","LD-LR",1,"winterwheat",6.054,0,0,74,6.054,6.054,0,0,0,74,0,0
"BAU_c_l_LD-LR_2","BAU","central","light","LD-LR",2,"winterwheat",5.57583795012573,0.104190704501263,0.0121119233773268,74,5.55209858030617,5.59957731994529,0,0,0,74,0,0
"BAU_c_l_LD-LR_3","BAU","central","light","LD-LR",3,"wosr",0,0,0,74,0,0,0,0,0,74,0,0
"BAU_c_l_LD-LR_4","BAU","central","light","LD-LR",4,"winterwheat",6.23112442155287,0.133170573199805,0.0154807646846383,74,6.20078212277097,6.26146672033476,0,0,0,74,0,0
"BAU_c_l_LD-LR_5","BAU","central","light","LD-LR",5,"winterwheat",5.46802398444481,0.0272052398522525,0.00316254489428361,74,5.46182539645201,5.47422257243761,0,0,0,74,0,0
"BAU_c_l_LD-LR_6","BAU","central","light","LD-LR",6,"wosr",0,0,0,74,0,0,0,0,0,74,0,0
"BAU_e_h_LD-LR_1","BAU","east","heavy","LD-LR",1,"winterwheat",8.366,0,0,74,8.366,8.366,0,0,0,74,0,0
"BAU_e_h_LD-LR_2","BAU","east","heavy","LD-LR",2,"winterwheat",7.8853909586348,0.0681891395778851,0.00792682646390186,74,7.86985437876555,7.90092753850405,0,0,0,74,0,0
"BAU_e_h_LD-LR_3","BAU","east","heavy","LD-LR",3,"wosr",0,0,0,74,0,0,0,0,0,74,0,0
"BAU_e_h_LD-LR_4","BAU","east","heavy","LD-LR",4,"winterwheat",8.84166722435824,0.0770179466916407,0.00895315444380058,74,8.82411904164839,8.85921540706809,0,0,0,74,0,0
"BAU_e_h_LD-LR_5","BAU","east","heavy","LD-LR",5,"winterwheat",7.604903823757,0.00656550271103597,0.000763224187324075,74,7.60340790434985,7.60639974316416,0,0,0,74,0,0
"BAU_e_h_LD-LR_6","BAU","east","heavy","LD-LR",6,"wosr",0,0,0,74,0,0,0,0,0,74,0,0
"BAU_e_m_LD-LR_1","BAU","east","medium","LD-LR",1,"winterwheat",7.416,0,0,74,7.416,7.416,0,0,0,74,0,0
"BAU_e_m_LD-LR_2","BAU","east","medium","LD-LR",2,"winterwheat",6.82342046123207,0.130122074848108,0.0151263839495391,74,6.79377274869097,6.85306817377317,0,0,0,74,0,0
"BAU_e_m_LD-LR_3","BAU","east","medium","LD-LR",3,"wosr",0,0,0,74,0,0,0,0,0,74,0,0
"BAU_e_m_LD-LR_4","BAU","east","medium","LD-LR",4,"winterwheat",7.59320149568032,0.176958133809675,0.0205709652118875,74,7.55288240386502,7.63352058749562,0,0,0,74,0,0
"BAU_e_m_LD-LR_5","BAU","east","medium","LD-LR",5,"winterwheat",6.69408068658719,0.0365605079508459,0.00425007272056047,74,6.68575054405489,6.70241082911949,0,0,0,74,0,0
"BAU_e_m_LD-LR_6","BAU","east","medium","LD-LR",6,"wosr",0,0,0,74,0,0,0,0,0,74,0,0
"BAU_e_l_LD-LR_1","BAU","east","light","LD-LR",1,"winterwheat",6.054,0,0,74,6.054,6.054,0,0,0,74,0,0
"BAU_e_l_LD-LR_2","BAU","east","light","LD-LR",2,"winterwheat",5.57583795012573,0.104190704501263,0.0121119233773268,74,5.55209858030617,5.59957731994529,0,0,0,74,0,0
"BAU_e_l_LD-LR_3","BAU","east","light","LD-LR",3,"wosr",0,0,0,74,0,0,0,0,0,74,0,0
"BAU_e_l_LD-LR_4","BAU","east","light","LD-LR",4,"winterwheat",6.23112442155287,0.133170573199805,0.0154807646846383,74,6.20078212277097,6.26146672033476,0,0,0,74,0,0
"BAU_e_l_LD-LR_5","BAU","east","light","LD-LR",5,"winterwheat",5.46802398444481,0.0272052398522525,0.00316254489428361,74,5.46182539645201,5.47422257243761,0,0,0,74,0,0
"BAU_e_l_LD-LR_6","BAU","east","light","LD-LR",6,"wosr",0,0,0,74,0,0,0,0,0,74,0,0
"BAU_n_h_LD-HR_1","BAU","north","heavy","LD-HR",1,"winterwheat",8.366,0,0,74,8.366,8.366,0,0,0,74,0,0
"BAU_n_h_LD-HR_2","BAU","north","heavy","LD-HR",2,"winterwheat",7.13957182330706,0.201009421084176,0.0233668705662976,74,7.09377275699712,7.185370889617,0,0,0,74,0,0
"BAU_n_h_LD-HR_3","BAU","north","heavy","LD-HR",3,"wosr",0,0,0,74,0,0,0,0,0,74,0,0
"BAU_n_h_LD-HR_4","BAU","north","heavy","LD-HR",4,"winterwheat",7.49308048487971,0.244956068128084,0.0284755645158598,74,7.43726837842862,7.54889259133079,0,0,0,74,0,0
"BAU_n_h_LD-HR_5","BAU","north","heavy","LD-HR",5,"winterwheat",7.02010496376035,0.152539989600889,0.0177324136051101,74,6.98534943309433,7.05486049442636,0,0,0,74,0,0
"BAU_n_h_LD-HR_6","BAU","north","heavy","LD-HR",6,"wosr",0,0,0,74,0,0,0,0,0,74,0,0
"BAU_n_m_LD-HR_1","BAU","north","medium","LD-HR",1,"winterwheat",7.416,0,0,74,7.416,7.416,0,0,0,74,0,0
"BAU_n_m_LD-HR_2","BAU","north","medium","LD-HR",2,"winterwheat",6.4475118158302,0.174435504018019,0.0202777154551827,74,6.40776749353804,6.48725613812236,0,0,0,74,0,0
"BAU_n_m_LD-HR_3","BAU","north","medium","LD-HR",3,"wosr",0,0,0,74,0,0,0,0,0,74,0,0
"BAU_n_m_LD-HR_4","BAU","north","medium","LD-HR",4,"winterwheat",6.85861872358727,0.214002540134309,0.0248772899757928,74,6.80985923523472,6.90737821193983,0,0,0,74,0,0
"BAU_n_m_LD-HR_5","BAU","north","medium","LD-HR",5,"winterwheat",6.38421791018097,0.107808118073994,0.0125324391635167,74,6.35965432942048,6.40878149094147,0,0,0,74,0,0
"BAU_n_m_LD-HR_6","BAU","north","medium","LD-HR",6,"wosr",0,0,0,74,0,0,0,0,0,74,0,0
"BAU_n_l_LD-HR_1","BAU","north","light","LD-HR",1,"winterwheat",6.054,0,0,74,6.054,6.054,0,0,0,74,0,0
"BAU_n_l_LD-HR_2","BAU","north","light","LD-HR",2,"winterwheat",5.27285314066293,0.141287435496732,0.0164243307606648,74,5.24066145237203,5.30504482895383,0,0,0,74,0,0
"BAU_n_l_LD-HR_3","BAU","north","light","LD-HR",3,"wosr",0,0,0,74,0,0,0,0,0,74,0,0
"BAU_n_l_LD-HR_4","BAU","north","light","LD-HR",4,"winterwheat",5.64330736274276,0.17989348363668,0.020912192698164,74,5.60231946505436,5.68429526043116,0,0,0,74,0,0
"BAU_n_l_LD-HR_5","BAU","north","light","LD-HR",5,"winterwheat",5.22739235085457,0.0865031651746144,0.0100557886954155,74,5.20768300501156,5.24710169669758,0,0,0,74,0,0
"BAU_n_l_LD-HR_6","BAU","north","light","LD-HR",6,"wosr",0,0,0,74,0,0,0,0,0,74,0,0
"BAU_c_h_LD-HR_1","BAU","central","heavy","LD-HR",1,"winterwheat",8.366,0,0,74,8.366,8.366,0,0,0,74,0,0
"BAU_c_h_LD-HR_2","BAU","central","heavy","LD-HR",2,"winterwheat",7.14163081554789,0.200477993711094,0.0233050933890129,74,7.09595283250542,7.18730879859036,0,0,0,74,0,0
"BAU_c_h_LD-HR_3","BAU","central","heavy","LD-HR",3,"wosr",0,0,0,74,0,0,0,0,0,74,0,0
"BAU_c_h_LD-HR_4","BAU","central","heavy","LD-HR",4,"winterwheat",7.4936096765594,0.244722196538147,0.0284483774957604,74,7.43785085666771,7.54936849645109,0,0,0,74,0,0
"BAU_c_h_LD-HR_5","BAU","central","heavy","LD-HR",5,"winterwheat",7.0226659052342,0.152169296927094,0.0176893214570817,74,6.98799483517832,7.05733697529009,0,0,0,74,0,0
"BAU_c_h_LD-HR_6","BAU","central","heavy","LD-HR",6,"wosr",0,0,0,74,0,0,0,0,0,74,0,0
"BAU_c_m_LD-HR_1","BAU","central","medium","LD-HR",1,"winterwheat",7.416,0,0,74,7.416,7.416,0,0,0,74,0,0
"BAU_c_m_LD-HR_2","BAU","central","medium","LD-HR",2,"winterwheat",6.4475118158302,0.174435504018019,0.0202777154551827,74,6.40776749353804,6.48725613812236,0,0,0,74,0,0
"BAU_c_m_LD-HR_3","BAU","central","medium","LD-HR",3,"wosr",0,0,0,74,0,0,0,0,0,74,0,0
"BAU_c_m_LD-HR_4","BAU","central","medium","LD-HR",4,"winterwheat",6.85861872358727,0.214002540134309,0.0248772899757928,74,6.80985923523472,6.90737821193983,0,0,0,74,0,0
"BAU_c_m_LD-HR_5","BAU","central","medium","LD-HR",5,"winterwheat",6.38421791018097,0.107808118073994,0.0125324391635167,74,6.35965432942048,6.40878149094147,0,0,0,74,0,0
"BAU_c_m_LD-HR_6","BAU","central","medium","LD-HR",6,"wosr",0,0,0,74,0,0,0,0,0,74,0,0
"BAU_c_l_LD-HR_1","BAU","central","light","LD-HR",1,"winterwheat",6.054,0,0,74,6.054,6.054,0,0,0,74,0,0
"BAU_c_l_LD-HR_2","BAU","central","light","LD-HR",2,"winterwheat",5.27285314066293,0.141287435496732,0.0164243307606648,74,5.24066145237203,5.30504482895383,0,0,0,74,0,0
"BAU_c_l_LD-HR_3","BAU","central","light","LD-HR",3,"wosr",0,0,0,74,0,0,0,0,0,74,0,0
"BAU_c_l_LD-HR_4","BAU","central","light","LD-HR",4,"winterwheat",5.64330736274276,0.17989348363668,0.020912192698164,74,5.60231946505436,5.68429526043116,0,0,0,74,0,0
"BAU_c_l_LD-HR_5","BAU","central","light","LD-HR",5,"winterwheat",5.22739235085457,0.0865031651746144,0.0100557886954155,74,5.20768300501156,5.24710169669758,0,0,0,74,0,0
"BAU_c_l_LD-HR_6","BAU","central","light","LD-HR",6,"wosr",0,0,0,74,0,0,0,0,0,74,0,0
"BAU_e_h_LD-HR_1","BAU","east","heavy","LD-HR",1,"winterwheat",8.366,0,0,74,8.366,8.366,0,0,0,74,0,0
"BAU_e_h_LD-HR_2","BAU","east","heavy","LD-HR",2,"winterwheat",7.57245385228411,0.120302134270284,0.0139848390447624,74,7.54504356775638,7.59986413681185,0,0,0,74,0,0
"BAU_e_h_LD-HR_3","BAU","east","heavy","LD-HR",3,"wosr",0,0,0,74,0,0,0,0,0,74,0,0
"BAU_e_h_LD-HR_4","BAU","east","heavy","LD-HR",4,"winterwheat",8.32444416524187,0.204638086810134,0.0237886943887308,74,8.27781832423996,8.37107000624378,0,0,0,74,0,0
"BAU_e_h_LD-HR_5","BAU","east","heavy","LD-HR",5,"winterwheat",7.48907234502274,0.0447164573355337,0.00519818257824452,74,7.47888390716938,7.4992607828761,0,0,0,74,0,0
"BAU_e_h_LD-HR_6","BAU","east","heavy","LD-HR",6,"wosr",0,0,0,74,0,0,0,0,0,74,0,0
"BAU_e_m_LD-HR_1","BAU","east","medium","LD-HR",1,"winterwheat",7.416,0,0,74,7.416,7.416,0,0,0,74,0,0
"BAU_e_m_LD-HR_2","BAU","east","medium","LD-HR",2,"winterwheat",6.4475118158302,0.174435504018019,0.0202777154551827,74,6.40776749353804,6.48725613812236,0,0,0,74,0,0
"BAU_e_m_LD-HR_3","BAU","east","medium","LD-HR",3,"wosr",0,0,0,74,0,0,0,0,0,74,0,0
"BAU_e_m_LD-HR_4","BAU","east","medium","LD-HR",4,"winterwheat",6.85861872358727,0.214002540134309,0.0248772899757928,74,6.80985923523472,6.90737821193983,0,0,0,74,0,0
"BAU_e_m_LD-HR_5","BAU","east","medium","LD-HR",5,"winterwheat",6.38421791018097,0.107808118073994,0.0125324391635167,74,6.35965432942048,6.40878149094147,0,0,0,74,0,0
"BAU_e_m_LD-HR_6","BAU","east","medium","LD-HR",6,"wosr",0,0,0,74,0,0,0,0,0,74,0,0
"BAU_e_l_LD-HR_1","BAU","east","light","LD-HR",1,"winterwheat",6.054,0,0,74,6.054,6.054,0,0,0,74,0,0
"BAU_e_l_LD-HR_2","BAU","east","light","LD-HR",2,"winterwheat",5.27285314066293,0.141287435496732,0.0164243307606648,74,5.24066145237203,5.30504482895383,0,0,0,74,0,0
"BAU_e_l_LD-HR_3","BAU","east","light","LD-HR",3,"wosr",0,0,0,74,0,0,0,0,0,74,0,0
"BAU_e_l_LD-HR_4","BAU","east","light","LD-HR",4,"winterwheat",5.64330736274276,0.17989348363668,0.020912192698164,74,5.60231946505436,5.68429526043116,0,0,0,74,0,0
"BAU_e_l_LD-HR_5","BAU","east","light","LD-HR",5,"winterwheat",5.22739235085457,0.0865031651746144,0.0100557886954155,74,5.20768300501156,5.24710169669758,0,0,0,74,0,0
"BAU_e_l_LD-HR_6","BAU","east","light","LD-HR",6,"wosr",0,0,0,74,0,0,0,0,0,74,0,0
"BAU_n_h_HD-HR_1","BAU","north","heavy","HD-HR",1,"winterwheat",8.366,0,0,74,8.366,8.366,0,0,0,74,0,0
"BAU_n_h_HD-HR_2","BAU","north","heavy","HD-HR",2,"winterwheat",7.18066376089403,0.201119856720468,0.0233797084482497,74,7.13483953233546,7.2264879894526,0,0,0,74,0,0
"BAU_n_h_HD-HR_3","BAU","north","heavy","HD-HR",3,"wosr",0,0,0,74,0,0,0,0,0,74,0,0
"BAU_n_h_HD-HR_4","BAU","north","heavy","HD-HR",4,"winterwheat",7.55699552707804,0.252095627427242,0.0293055214260585,74,7.49955670508296,7.61443434907311,0,0,0,74,0,0
"BAU_n_h_HD-HR_5","BAU","north","heavy","HD-HR",5,"winterwheat",7.07686495146325,0.149284206245093,0.0173539364777374,74,7.04285123596689,7.11087866695962,0,0,0,74,0,0
"BAU_n_h_HD-HR_6","BAU","north","heavy","HD-HR",6,"wosr",0,0,0,74,0,0,0,0,0,74,0,0
"BAU_n_m_HD-HR_1","BAU","north","medium","HD-HR",1,"winterwheat",7.416,0,0,74,7.416,7.416,0,0,0,74,0,0
"BAU_n_m_HD-HR_2","BAU","north","medium","HD-HR",2,"winterwheat",6.51112826577448,0.171079506674569,0.0198875886883761,74,6.47214859194526,6.55010793960369,0,0,0,74,0,0
"BAU_n_m_HD-HR_3","BAU","north","medium","HD-HR",3,"wosr",0,0,0,74,0,0,0,0,0,74,0,0
"BAU_n_m_HD-HR_4","BAU","north","medium","HD-HR",4,"winterwheat",6.96512802467965,0.212915381692819,0.0247509103740292,74,6.91661624034655,7.01363980901274,0,0,0,74,0,0
"BAU_n_m_HD-HR_5","BAU","north","medium","HD-HR",5,"winterwheat",6.45568377236979,0.0991471832370353,0.0115256259394061,74,6.43309354552855,6.47827399921102,0,0,0,74,0,0
"BAU_n_m_HD-HR_6","BAU","north","medium","HD-HR",6,"wosr",0,0,0,74,0,0,0,0,0,74,0,0
"BAU_n_l_HD-HR_1","BAU","north","light","HD-HR",1,"winterwheat",6.054,0,0,74,6.054,6.054,0,0,0,74,0,0
"BAU_n_l_HD-HR_2","BAU","north","light","HD-HR",2,"winterwheat",5.27285314066293,0.141287435496732,0.0164243307606648,74,5.24066145237203,5.30504482895383,0,0,0,74,0,0
"BAU_n_l_HD-HR_3","BAU","north","light","HD-HR",3,"wosr",0,0,0,74,0,0,0,0,0,74,0,0
"BAU_n_l_HD-HR_4","BAU","north","light","HD-HR",4,"winterwheat",5.64330736274276,0.17989348363668,0.020912192698164,74,5.60231946505436,5.68429526043116,0,0,0,74,0,0
"BAU_n_l_HD-HR_5","BAU","north","light","HD-HR",5,"winterwheat",5.22739235085457,0.0865031651746144,0.0100557886954155,74,5.20768300501156,5.24710169669758,0,0,0,74,0,0
"BAU_n_l_HD-HR_6","BAU","north","light","HD-HR",6,"wosr",0,0,0,74,0,0,0,0,0,74,0,0
"BAU_c_h_HD-HR_1","BAU","central","heavy","HD-HR",1,"winterwheat",8.366,0,0,74,8.366,8.366,0,0,0,74,0,0
"BAU_c_h_HD-HR_2","BAU","central","heavy","HD-HR",2,"winterwheat",7.18272987102546,0.200484928960602,0.0233058995953923,74,7.13705030781849,7.22840943423243,0,0,0,74,0,0
"BAU_c_h_HD-HR_3","BAU","central","heavy","HD-HR",3,"wosr",0,0,0,74,0,0,0,0,0,74,0,0
"BAU_c_h_HD-HR_4","BAU","central","heavy","HD-HR",4,"winterwheat",7.55754262035671,0.251828468733258,0.029274464858713,74,7.50016466923363,7.61492057147979,0,0,0,74,0,0
"BAU_c_h_HD-HR_5","BAU","central","heavy","HD-HR",5,"winterwheat",7.07932409974715,0.148642967195432,0.017279393952344,74,7.04545648760055,7.11319171189374,0,0,0,74,0,0
"BAU_c_h_HD-HR_6","BAU","central","heavy","HD-HR",6,"wosr",0,0,0,74,0,0,0,0,0,74,0,0
"BAU_c_m_HD-HR_1","BAU","central","medium","HD-HR",1,"winterwheat",7.416,0,0,74,7.416,7.416,0,0,0,74,0,0
"BAU_c_m_HD-HR_2","BAU","central","medium","HD-HR",2,"winterwheat",6.51112826577448,0.171079506674569,0.0198875886883761,74,6.47214859194526,6.55010793960369,0,0,0,74,0,0
"BAU_c_m_HD-HR_3","BAU","central","medium","HD-HR",3,"wosr",0,0,0,74,0,0,0,0,0,74,0,0
"BAU_c_m_HD-HR_4","BAU","central","medium","HD-HR",4,"winterwheat",6.96512802467965,0.212915381692819,0.0247509103740292,74,6.91661624034655,7.01363980901274,0,0,0,74,0,0
"BAU_c_m_HD-HR_5","BAU","central","medium","HD-HR",5,"winterwheat",6.45568377236979,0.0991471832370353,0.0115256259394061,74,6.43309354552855,6.47827399921102,0,0,0,74,0,0
"BAU_c_m_HD-HR_6","BAU","central","medium","HD-HR",6,"wosr",0,0,0,74,0,0,0,0,0,74,0,0
"BAU_c_l_HD-HR_1","BAU","central","light","HD-HR",1,"winterwheat",6.054,0,0,74,6.054,6.054,0,0,0,74,0,0
"BAU_c_l_HD-HR_2","BAU","central","light","HD-HR",2,"winterwheat",5.27285314066293,0.141287435496732,0.0164243307606648,74,5.24066145237203,5.30504482895383,0,0,0,74,0,0
"BAU_c_l_HD-HR_3","BAU","central","light","HD-HR",3,"wosr",0,0,0,74,0,0,0,0,0,74,0,0
"BAU_c_l_HD-HR_4","BAU","central","light","HD-HR",4,"winterwheat",5.64330736274276,0.17989348363668,0.020912192698164,74,5.60231946505436,5.68429526043116,0,0,0,74,0,0
"BAU_c_l_HD-HR_5","BAU","central","light","HD-HR",5,"winterwheat",5.22739235085457,0.0865031651746144,0.0100557886954155,74,5.20768300501156,5.24710169669758,0,0,0,74,0,0
"BAU_c_l_HD-HR_6","BAU","central","light","HD-HR",6,"wosr",0,0,0,74,0,0,0,0,0,74,0,0
"BAU_e_h_HD-HR_1","BAU","east","heavy","HD-HR",1,"winterwheat",8.366,0,0,74,8.366,8.366,0,0,0,74,0,0
"BAU_e_h_HD-HR_2","BAU","east","heavy","HD-HR",2,"winterwheat",7.60646912880143,0.114489533504556,0.0133091379307861,74,7.58038321845708,7.63255503914577,0,0,0,74,0,0
"BAU_e_h_HD-HR_3","BAU","east","heavy","HD-HR",3,"wosr",0,0,0,74,0,0,0,0,0,74,0,0
"BAU_e_h_HD-HR_4","BAU","east","heavy","HD-HR",4,"winterwheat",8.37795344297045,0.191696038666528,0.0222842118515278,74,8.33427638774146,8.42163049819945,0,0,0,74,0,0
"BAU_e_h_HD-HR_5","BAU","east","heavy","HD-HR",5,"winterwheat",7.50856763099754,0.0400475241469888,0.00465543011962354,74,7.49944298796308,7.517692274032,0,0,0,74,0,0
"BAU_e_h_HD-HR_6","BAU","east","heavy","HD-HR",6,"wosr",0,0,0,74,0,0,0,0,0,74,0,0
"BAU_e_m_HD-HR_1","BAU","east","medium","HD-HR",1,"winterwheat",7.416,0,0,74,7.416,7.416,0,0,0,74,0,0
"BAU_e_m_HD-HR_2","BAU","east","medium","HD-HR",2,"winterwheat",6.51112826577448,0.171079506674569,0.0198875886883761,74,6.47214859194526,6.55010793960369,0,0,0,74,0,0
"BAU_e_m_HD-HR_3","BAU","east","medium","HD-HR",3,"wosr",0,0,0,74,0,0,0,0,0,74,0,0
"BAU_e_m_HD-HR_4","BAU","east","medium","HD-HR",4,"winterwheat",6.96512802467965,0.212915381692819,0.0247509103740292,74,6.91661624034655,7.01363980901274,0,0,0,74,0,0
"BAU_e_m_HD-HR_5","BAU","east","medium","HD-HR",5,"winterwheat",6.45568377236979,0.0991471832370353,0.0115256259394061,74,6.43309354552855,6.47827399921102,0,0,0,74,0,0
"BAU_e_m_HD-HR_6","BAU","east","medium","HD-HR",6,"wosr",0,0,0,74,0,0,0,0,0,74,0,0
"BAU_e_l_HD-HR_1","BAU","east","light","HD-HR",1,"winterwheat",6.054,0,0,74,6.054,6.054,0,0,0,74,0,0
"BAU_e_l_HD-HR_2","BAU","east","light","HD-HR",2,"winterwheat",5.27285314066293,0.141287435496732,0.0164243307606648,74,5.24066145237203,5.30504482895383,0,0,0,74,0,0
"BAU_e_l_HD-HR_3","BAU","east","light","HD-HR",3,"wosr",0,0,0,74,0,0,0,0,0,74,0,0
"BAU_e_l_HD-HR_4","BAU","east","light","HD-HR",4,"winterwheat",5.64330736274276,0.17989348363668,0.020912192698164,74,5.60231946505436,5.68429526043116,0,0,0,74,0,0
"BAU_e_l_HD-HR_5","BAU","east","light","HD-HR",5,"winterwheat",5.22739235085457,0.0865031651746144,0.0100557886954155,74,5.20768300501156,5.24710169669758,0,0,0,74,0,0
"BAU_e_l_HD-HR_6","BAU","east","light","HD-HR",6,"wosr",0,0,0,74,0,0,0,0,0,74,0,0
"CWW_n_h_LD-LR_1","CWW","north","heavy","LD-LR",1,"winterwheat",8.366,0,0,74,8.366,8.366,0,0,0,74,0,0
"CWW_n_h_LD-LR_2","CWW","north","heavy","LD-LR",2,"winterwheat",7.76758619846846,0.119967870317272,0.0139459816495076,74,7.74025207443543,7.7949203225015,0.167410661377708,0.110867169799454,0.0128880467033966,74,0.14215008983905,0.192671232916365
"CWW_n_h_LD-LR_3","CWW","north","heavy","LD-LR",3,"winterwheat",7.68409215801501,0.199006536309624,0.0231340399405799,74,7.63874943973148,7.72943487629855,7.68409215801501,0.199006536309624,0.0231340399405799,74,7.63874943973148,7.72943487629855
"CWW_n_h_LD-LR_4","CWW","north","heavy","LD-LR",4,"winterwheat",7.31931596569028,0.242764201071996,0.0282207651461493,74,7.26400326600382,7.37462866537673,-1.06776262181849,0.20486365185612,0.0238149157927098,74,-1.1144398567722,-1.02108538686478
"CWW_n_h_LD-LR_5","CWW","north","heavy","LD-LR",5,"winterwheat",7.30715773568298,0.26877998601431,0.0312450387157603,74,7.24591745980009,7.36839801156587,-0.19756124789148,0.222494698595784,0.0258644833447777,74,-0.248255635247244,-0.146866860535715
"CWW_n_h_LD-LR_6","CWW","north","heavy","LD-LR",6,"winterwheat",7.13129922220277,0.272812279450203,0.0317137833064051,74,7.06914020692221,7.19345823748332,7.13129922220277,0.272812279450203,0.0317137833064051,74,7.06914020692221,7.19345823748332
"CWW_n_m_LD-LR_1","CWW","north","medium","LD-LR",1,"winterwheat",7.416,0,0,74,7.416,7.416,0,0,0,74,0,0
"CWW_n_m_LD-LR_2","CWW","north","medium","LD-LR",2,"winterwheat",6.94409030060371,0.0921853960551938,0.0107163346180801,74,6.92308628475228,6.96509431645515,0.120669839371647,0.0863350723303104,0.0100362482991754,74,0.100998792705263,0.140340886038031
"CWW_n_m_LD-LR_3","CWW","north","medium","LD-LR",3,"winterwheat",6.88946356265959,0.136686055648132,0.0158894312183016,74,6.85832027747172,6.92060684784746,6.88946356265959,0.136686055648132,0.0158894312183016,74,6.85832027747172,6.92060684784746
"CWW_n_m_LD-LR_4","CWW","north","medium","LD-LR",4,"winterwheat",6.57489089577275,0.161780667143791,0.0188066205498655,74,6.53802991949502,6.61175187205049,-1.01831059990757,0.138114913026911,0.0160555325146863,74,-1.04977944363635,-0.986841756178782
"CWW_n_m_LD-LR_5","CWW","north","medium","LD-LR",5,"winterwheat",6.57003264679211,0.178228149009198,0.0207186014800008,74,6.52942418789131,6.61064110569291,-0.124048039795075,0.149742393821876,0.0174071997016402,74,-0.15816615121029,-0.0899299283798606
"CWW_n_m_LD-LR_6","CWW","north","medium","LD-LR",6,"winterwheat",6.41399492947533,0.180804152657419,0.021018055821502,74,6.37279954006519,6.45519031888548,6.41399492947533,0.180804152657419,0.021018055821502,74,6.37279954006519,6.45519031888548
"CWW_n_l_LD-LR_1","CWW","north","light","LD-LR",1,"winterwheat",6.054,0,0,74,6.054,6.054,0,0,0,74,0,0
"CWW_n_l_LD-LR_2","CWW","north","light","LD-LR",2,"winterwheat",5.66781900757189,0.0749498849718145,0.0087127471520943,74,5.65074202315379,5.68489599199,0.0919810574461658,0.0688387338713168,0.00800234026665475,74,0.0762964705235225,0.107665644368809
"CWW_n_l_LD-LR_3","CWW","north","light","LD-LR",3,"winterwheat",5.62316338606098,0.111133540322869,0.0129190116477745,74,5.59784212323134,5.64848464889062,5.62316338606098,0.111133540322869,0.0129190116477745,74,5.59784212323134,5.64848464889062
"CWW_n_l_LD-LR_4","CWW","north","light","LD-LR",4,"winterwheat",5.36642704171027,0.1315356161057,0.0152907047830012,74,5.33645726033559,5.39639682308496,-0.864697379842592,0.103383395161714,0.0120180755728684,74,-0.888252807965415,-0.84114195171977
"CWW_n_l_LD-LR_5","CWW","north","light","LD-LR",5,"winterwheat",5.36247811670371,0.144906851286291,0.0168450792998331,74,5.32946176127604,5.39549447213138,-0.1055458677411,0.123155331195134,0.0143165164501474,74,-0.133606239983389,-0.0774854954988115
"CWW_n_l_LD-LR_6","CWW","north","light","LD-LR",6,"winterwheat",5.23512479332514,0.147000734879995,0.0170884883234056,74,5.20163135621126,5.26861823043901,5.23512479332514,0.147000734879995,0.0170884883234056,74,5.20163135621126,5.26861823043901
"CWW_c_h_LD-LR_1","CWW","central","heavy","LD-LR",1,"winterwheat",8.366,0,0,74,8.366,8.366,0,0,0,74,0,0
"CWW_c_h_LD-LR_2","CWW","central","heavy","LD-LR",2,"winterwheat",7.77083982837467,0.119342221885657,0.0138732514966486,74,7.74364825544123,7.7980314013081,0.168936879931565,0.111334157365776,0.0129423329053043,74,0.143569907437169,0.194303852425962
"CWW_c_h_LD-LR_3","CWW","central","heavy","LD-LR",3,"winterwheat",7.68872304956607,0.196544385740786,0.0228478207507208,74,7.64394132089466,7.73350477823749,7.68872304956607,0.196544385740786,0.0228478207507208,74,7.64394132089466,7.73350477823749
"CWW_c_h_LD-LR_4","CWW","central","heavy","LD-LR",4,"winterwheat",7.324621988418,0.239307530413736,0.0278189353442115,74,7.27009687514334,7.37914710169265,-1.06305329829206,0.204354645554211,0.0237557450120072,74,-1.10961455851559,-1.01649203806853
"CWW_c_h_LD-LR_5","CWW","central","heavy","LD-LR",5,"winterwheat",7.31288983889752,0.26484576718156,0.0307876950661517,74,7.25254595656786,7.37323372122717,-0.192650086406136,0.218565781847869,0.0254077560500115,74,-0.242449288264159,-0.142850884548114
"CWW_c_h_LD-LR_6","CWW","central","heavy","LD-LR",6,"winterwheat",7.13708311135205,0.268745356778841,0.0312410131489056,74,7.0758507255802,7.19831549712391,7.13708311135205,0.268745356778841,0.0312410131489056,74,7.0758507255802,7.19831549712391
"CWW_c_m_LD-LR_1","CWW","central","medium","LD-LR",1,"winterwheat",7.416,0,0,74,7.416,7.416,0,0,0,74,0,0
"CWW_c_m_LD-LR_2","CWW","central","medium","LD-LR",2,"winterwheat",6.94652215566313,0.0914631098128102,0.0106323705479058,74,6.92568270938924,6.96736160193703,0.123101694431067,0.0874936271029526,0.0101709275558505,74,0.1031666764216,0.143036712440534
"CWW_c_m_LD-LR_3","CWW","central","medium","LD-LR",3,"winterwheat",6.89268855442833,0.134654863080698,0.0156533098785035,74,6.86200806706646,6.9233690417902,6.89268855442833,0.134654863080698,0.0156533098785035,74,6.86200806706646,6.9233690417902
"CWW_c_m_LD-LR_4","CWW","central","medium","LD-LR",4,"winterwheat",6.5785420245135,0.158996825451339,0.0184830055264813,74,6.5423153336816,6.6147687153454,-1.01465947116682,0.138346531841078,0.0160824576549219,74,-1.04618108817047,-0.983137854163174
"CWW_c_m_LD-LR_5","CWW","central","medium","LD-LR",5,"winterwheat",6.57398819248736,0.175018171417122,0.0203454491645015,74,6.53411111212494,6.61386527284979,-0.120092494099826,0.146215796468519,0.0169972410865123,74,-0.15340708662939,-0.0867779015702617
"CWW_c_m_LD-LR_6","CWW","central","medium","LD-LR",6,"winterwheat",6.41800038696217,0.177445695439811,0.0206276431001329,74,6.37757020648591,6.45843056743843,6.41800038696217,0.177445695439811,0.0206276431001329,74,6.37757020648591,6.45843056743843
"CWW_c_l_LD-LR_1","CWW","central","light","LD-LR",1,"winterwheat",6.054,0,0,74,6.054,6.054,0,0,0,74,0,0
"CWW_c_l_LD-LR_2","CWW","central","light","LD-LR",2,"winterwheat",5.66979619852534,0.0743626959895101,0.00864448781940503,74,5.65285300239931,5.68673939465137,0.0939582483996136,0.069792933279647,0.00811326369476389,74,0.0780562515578763,0.109860245241351
"CWW_c_l_LD-LR_3","CWW","central","light","LD-LR",3,"winterwheat",5.62578547215259,0.109482348464967,0.0127270644931804,74,5.60084042574595,5.65073051855922,5.62578547215259,0.109482348464967,0.0127270644931804,74,5.60084042574595,5.65073051855922
"CWW_c_l_LD-LR_4","CWW","central","light","LD-LR",4,"winterwheat",5.36939554734138,0.12927261553149,0.0150276363097732,74,5.33994138017422,5.39884971450853,-0.861728874211488,0.10360496475157,0.0120438325145066,74,-0.885334785939921,-0.838122962483056
"CWW_c_l_LD-LR_5","CWW","central","light","LD-LR",5,"winterwheat",5.36569408198877,0.142297470838942,0.0165417449842445,74,5.33327226181965,5.39811590215789,-0.102329902456043,0.120332807716925,0.0139884047605065,74,-0.129747175786635,-0.0749126291254498
"CWW_c_l_LD-LR_6","CWW","central","light","LD-LR",6,"winterwheat",5.23838131778078,0.144270668241972,0.0167711245231222,74,5.20550991371546,5.2712527218461,5.23838131778078,0.144270668241972,0.0167711245231222,74,5.20550991371546,5.2712527218461
"CWW_e_h_LD-LR_1","CWW","east","heavy","LD-LR",1,"winterwheat",8.366,0,0,74,8.366,8.366,0,0,0,74,0,0
"CWW_e_h_LD-LR_2","CWW","east","heavy","LD-LR",2,"winterwheat",7.96635959560909,0.0446039297939741,0.00518510151724458,74,7.95619679663529,7.97652239458288,0.080968636974285,0.0570760818445013,0.00663495974317224,74,0.0679641158776674,0.0939731580709026
"CWW_e_h_LD-LR_3","CWW","east","heavy","LD-LR",3,"winterwheat",7.92295167736782,0.0374357843327482,0.00435182153320485,74,7.91442210716274,7.9314812475729,7.92295167736782,0.0374357843327482,0.00435182153320485,74,7.91442210716274,7.9314812475729
"CWW_e_h_LD-LR_4","CWW","east","heavy","LD-LR",4,"winterwheat",7.57590851431695,0.0351635608179034,0.00408768091490596,74,7.56789665972373,7.58392036891016,-1.26575871004129,0.0651413743191831,0.0075725309491323,74,-1.28060087070159,-1.250916549381
"CWW_e_h_LD-LR_5","CWW","east","heavy","LD-LR",5,"winterwheat",7.57844220780442,0.0350464679506452,0.00407406914557345,74,7.5704570322791,7.58642738332974,-0.0264616159525813,0.0316783780442955,0.0036825366468834,74,-0.0336793877804727,-0.0192438441246898
"CWW_e_h_LD-LR_6","CWW","east","heavy","LD-LR",6,"winterwheat",7.40128179914194,0.0338219581723903,0.00393172277523259,74,7.39357562250249,7.4089879757814,7.40128179914194,0.0338219581723903,0.00393172277523259,74,7.39357562250249,7.4089879757814
"CWW_e_m_LD-LR_1","CWW","east","medium","LD-LR",1,"winterwheat",7.416,0,0,74,7.416,7.416,0,0,0,74,0,0
"CWW_e_m_LD-LR_2","CWW","east","medium","LD-LR",2,"winterwheat",6.94652215566313,0.0914631098128102,0.0106323705479058,74,6.92568270938924,6.96736160193703,0.123101694431067,0.0874936271029526,0.0101709275558505,74,0.1031666764216,0.143036712440534
"CWW_e_m_LD-LR_3","CWW","east","medium","LD-LR",3,"winterwheat",6.89268855442833,0.134654863080698,0.0156533098785035,74,6.86200806706646,6.9233690417902,6.89268855442833,0.134654863080698,0.0156533098785035,74,6.86200806706646,6.9233690417902
"CWW_e_m_LD-LR_4","CWW","east","medium","LD-LR",4,"winterwheat",6.5785420245135,0.158996825451339,0.0184830055264813,74,6.5423153336816,6.6147687153454,-1.01465947116682,0.138346531841078,0.0160824576549219,74,-1.04618108817047,-0.983137854163174
"CWW_e_m_LD-LR_5","CWW","east","medium","LD-LR",5,"winterwheat",6.57398819248736,0.175018171417122,0.0203454491645015,74,6.53411111212494,6.61386527284979,-0.120092494099826,0.146215796468519,0.0169972410865123,74,-0.15340708662939,-0.0867779015702617
"CWW_e_m_LD-LR_6","CWW","east","medium","LD-LR",6,"winterwheat",6.41800038696217,0.177445695439811,0.0206276431001329,74,6.37757020648591,6.45843056743843,6.41800038696217,0.177445695439811,0.0206276431001329,74,6.37757020648591,6.45843056743843
"CWW_e_l_LD-LR_1","CWW","east","light","LD-LR",1,"winterwheat",6.054,0,0,74,6.054,6.054,0,0,0,74,0,0
"CWW_e_l_LD-LR_2","CWW","east","light","LD-LR",2,"winterwheat",5.66979619852534,0.0743626959895101,0.00864448781940503,74,5.65285300239931,5.68673939465137,0.0939582483996136,0.069792933279647,0.00811326369476389,74,0.0780562515578763,0.109860245241351
"CWW_e_l_LD-LR_3","CWW","east","light","LD-LR",3,"winterwheat",5.62578547215259,0.109482348464967,0.0127270644931804,74,5.60084042574595,5.65073051855922,5.62578547215259,0.109482348464967,0.0127270644931804,74,5.60084042574595,5.65073051855922
"CWW_e_l_LD-LR_4","CWW","east","light","LD-LR",4,"winterwheat",5.36939554734138,0.12927261553149,0.0150276363097732,74,5.33994138017422,5.39884971450853,-0.861728874211488,0.10360496475157,0.0120438325145066,74,-0.885334785939921,-0.838122962483056
"CWW_e_l_LD-LR_5","CWW","east","light","LD-LR",5,"winterwheat",5.36569408198877,0.142297470838942,0.0165417449842445,74,5.33327226181965,5.39811590215789,-0.102329902456043,0.120332807716925,0.0139884047605065,74,-0.129747175786635,-0.0749126291254498
"CWW_e_l_LD-LR_6","CWW","east","light","LD-LR",6,"winterwheat",5.23838131778078,0.144270668241972,0.0167711245231222,74,5.20550991371546,5.2712527218461,5.23838131778078,0.144270668241972,0.0167711245231222,74,5.20550991371546,5.2712527218461
"CWW_n_h_LD-HR_1","CWW","north","heavy","LD-HR",1,"winterwheat",8.366,0,0,74,8.366,8.366,0,0,0,74,0,0
"CWW_n_h_LD-HR_2","CWW","north","heavy","LD-HR",2,"winterwheat",7.37103628983151,0.194861092000337,0.0226521418280813,74,7.32663809184847,7.41543448781455,0.231464466524446,0.140034471147087,0.0162786766135883,74,0.199558260361813,0.263370672687079
"CWW_n_h_LD-HR_3","CWW","north","heavy","LD-HR",3,"winterwheat",7.06433671965561,0.359838157973739,0.0418303361943725,74,6.98234926071464,7.14632417859658,7.06433671965561,0.359838157973739,0.0418303361943725,74,6.98234926071464,7.14632417859658
"CWW_n_h_LD-HR_4","CWW","north","heavy","LD-HR",4,"winterwheat",6.62466509615532,0.409025242296307,0.0475482186035642,74,6.53147058769234,6.71785960461831,-0.868415388724384,0.335942015358015,0.0390524660402092,74,-0.944958222163194,-0.791872555285574
"CWW_n_h_LD-HR_5","CWW","north","heavy","LD-HR",5,"winterwheat",6.57491769038457,0.426448334377416,0.0495736119176094,74,6.47775341102605,6.67208196974308,-0.445187273375776,0.345533059760841,0.0401674023051248,74,-0.52391538189382,-0.366459164857731
"CWW_n_h_LD-HR_6","CWW","north","heavy","LD-HR",6,"winterwheat",6.40504203091569,0.420585401424644,0.0488920598057362,74,6.30921359369645,6.50087046813493,6.40504203091569,0.420585401424644,0.0488920598057362,74,6.30921359369645,6.50087046813493
"CWW_n_m_LD-HR_1","CWW","north","medium","LD-HR",1,"winterwheat",7.416,0,0,74,7.416,7.416,0,0,0,74,0,0
"CWW_n_m_LD-HR_2","CWW","north","medium","LD-HR",2,"winterwheat",6.63518594932272,0.15948148273445,0.018539345791243,74,6.59884883157189,6.67152306707356,0.187674133492523,0.118970394402412,0.0138300274297013,74,0.160567279730308,0.214780987254737
"CWW_n_m_LD-HR_3","CWW","north","medium","LD-HR",3,"winterwheat",6.42647216762004,0.296393040676789,0.0344549911187776,74,6.35894038502723,6.49400395021284,6.42647216762004,0.296393040676789,0.0344549911187776,74,6.35894038502723,6.49400395021284
"CWW_n_m_LD-HR_4","CWW","north","medium","LD-HR",4,"winterwheat",6.05211581193918,0.34989689060847,0.0406746873370391,74,5.97239342475858,6.13183819911978,-0.806502911648094,0.273975143973477,0.0318489635614146,74,-0.868926880228467,-0.744078943067722
"CWW_n_m_LD-HR_5","CWW","north","medium","LD-HR",5,"winterwheat",6.01389006410346,0.373156234973696,0.043378531198226,74,5.92886814295494,6.09891198525199,-0.370327846077509,0.303368126922034,0.0352658284248217,74,-0.439448869790159,-0.301206822364858
"CWW_n_m_LD-HR_6","CWW","north","medium","LD-HR",6,"winterwheat",5.86006413410214,0.371529152464612,0.0431893866985036,74,5.77541293617307,5.9447153320312,5.86006413410214,0.371529152464612,0.0431893866985036,74,5.77541293617307,5.9447153320312
"CWW_n_l_LD-HR_1","CWW","north","light","LD-HR",1,"winterwheat",6.054,0,0,74,6.054,6.054,0,0,0,74,0,0
"CWW_n_l_LD-HR_2","CWW","north","light","LD-HR",2,"winterwheat",5.41669915948275,0.129635477529714,0.0150698181602567,74,5.38716231588865,5.44623600307685,0.143846018819817,0.0959182301431142,0.0111502677666233,74,0.121991493997236,0.165700543642399
"CWW_n_l_LD-HR_3","CWW","north","light","LD-HR",3,"winterwheat",5.2467799115992,0.240919389759755,0.0280063101871734,74,5.19188754363234,5.30167227956606,5.2467799115992,0.240919389759755,0.0280063101871734,74,5.19188754363234,5.30167227956606
"CWW_n_l_LD-HR_4","CWW","north","light","LD-HR",4,"winterwheat",4.94145177804679,0.28440194263315,0.0330610542852589,74,4.87665211164768,5.00625144444589,-0.701855584695972,0.213631223707938,0.0248341253180004,74,-0.750530470319252,-0.653180699072691
"CWW_n_l_LD-HR_5","CWW","north","light","LD-HR",5,"winterwheat",4.91038221971107,0.303304691633373,0.0352584542223018,74,4.84127564943536,4.97948878998678,-0.317010131143499,0.244610815643576,0.0284354297297654,74,-0.372743573413839,-0.261276688873159
"CWW_n_l_LD-HR_6","CWW","north","light","LD-HR",6,"winterwheat",4.7848281428101,0.301981682459871,0.0351046575298458,74,4.71602301405161,4.8536332715686,4.7848281428101,0.301981682459871,0.0351046575298458,74,4.71602301405161,4.8536332715686
"CWW_c_h_LD-HR_1","CWW","central","heavy","LD-HR",1,"winterwheat",8.366,0,0,74,8.366,8.366,0,0,0,74,0,0
"CWW_c_h_LD-HR_2","CWW","central","heavy","LD-HR",2,"winterwheat",7.3760568873497,0.194337483352998,0.0225912735592023,74,7.33177799117366,7.42033578352573,0.234426071801806,0.140485866801627,0.0163311502925679,74,0.202417017228373,0.266435126375239
"CWW_c_h_LD-HR_3","CWW","central","heavy","LD-HR",3,"winterwheat",7.07242354030662,0.359377294822674,0.0417767619412773,74,6.99054108690172,7.15430599371153,7.07242354030662,0.359377294822674,0.0417767619412773,74,6.99054108690172,7.15430599371153
"CWW_c_h_LD-HR_4","CWW","central","heavy","LD-HR",4,"winterwheat",6.63331291285386,0.409170221472658,0.0475650720904821,74,6.54008537155652,6.72654045415121,-0.860296763705536,0.337897234344937,0.0392797556306658,74,-0.937285084741641,-0.783308442669431
"CWW_c_h_LD-HR_5","CWW","central","heavy","LD-HR",5,"winterwheat",6.58372580924006,0.42692875267018,0.0496294594097525,74,6.48645206879695,6.68099954968318,-0.438940095994144,0.345385450220709,0.0401502430446284,74,-0.517634572361615,-0.360245619626672
"CWW_c_h_LD-HR_6","CWW","central","heavy","LD-HR",6,"winterwheat",6.41365119081644,0.421084915609629,0.0489501271502598,74,6.31770894160193,6.50959344003095,6.41365119081644,0.421084915609629,0.0489501271502598,74,6.31770894160193,6.50959344003095
"CWW_c_m_LD-HR_1","CWW","central","medium","LD-HR",1,"winterwheat",7.416,0,0,74,7.416,7.416,0,0,0,74,0,0
"CWW_c_m_LD-HR_2","CWW","central","medium","LD-HR",2,"winterwheat",6.6393455265439,0.158679104257535,0.0184460711879228,74,6.60319122701557,6.67549982607223,0.191833710713702,0.119736164020181,0.0139190463395887,74,0.164552379888109,0.219115041539296
"CWW_c_m_LD-HR_3","CWW","central","medium","LD-HR",3,"winterwheat",6.43318751607238,0.294863632868684,0.034277201072409,74,6.36600420197046,6.5003708301743,6.43318751607238,0.294863632868684,0.034277201072409,74,6.36600420197046,6.5003708301743
"CWW_c_m_LD-HR_4","CWW","central","medium","LD-HR",4,"winterwheat",6.05951659986104,0.348519618017219,0.0405145826503996,74,5.98010801786625,6.13892518185582,-0.799102123726236,0.274975948445589,0.0319653047181419,74,-0.861754120973794,-0.736450126478678
"CWW_c_m_LD-HR_5","CWW","central","medium","LD-HR",5,"winterwheat",6.02155054188089,0.372017930566935,0.0432462059987683,74,5.9367879781233,6.10631310563847,-0.362667368300085,0.301778415704918,0.0350810282495474,74,-0.431426183669198,-0.293908552930972
"CWW_c_m_LD-HR_6","CWW","central","medium","LD-HR",6,"winterwheat",5.86761250559465,0.370493319290664,0.0430689735378996,74,5.78319731746037,5.95202769372893,5.86761250559465,0.370493319290664,0.0430689735378996,74,5.78319731746037,5.95202769372893
"CWW_c_l_LD-HR_1","CWW","central","light","LD-HR",1,"winterwheat",6.054,0,0,74,6.054,6.054,0,0,0,74,0,0
"CWW_c_l_LD-HR_2","CWW","central","light","LD-HR",2,"winterwheat",5.4200802776009,0.128983307480827,0.0149940049320142,74,5.39069202793416,5.44946852726765,0.147227136937975,0.0965920669257869,0.0112285997015077,74,0.12521908152302,0.16923519235293
"CWW_c_l_LD-HR_3","CWW","central","light","LD-HR",3,"winterwheat",5.25223842521472,0.239676697017726,0.0278618500902284,74,5.19762919903787,5.30684765139156,5.25223842521472,0.239676697017726,0.0278618500902284,74,5.19762919903787,5.30684765139156
"CWW_c_l_LD-HR_4","CWW","central","light","LD-HR",4,"winterwheat",4.94746728466439,0.283283108267833,0.0329309924321453,74,4.88292253949739,5.0120120298314,-0.695840078078368,0.214916071467198,0.0249834858361597,74,-0.744807710317241,-0.646872445839495
"CWW_c_l_LD-HR_5","CWW","central","light","LD-HR",5,"winterwheat",4.91660874394591,0.302380140125691,0.0351509772926368,74,4.84771282845234,4.98550465943948,-0.310783606908658,0.243451206805577,0.0283006279404816,74,-0.366252837672002,-0.255314376145314
"CWW_c_l_LD-HR_6","CWW","central","light","LD-HR",6,"winterwheat",4.79096352190325,0.30114040462482,0.0350068609679936,74,4.72235007440598,4.85957696940051,4.79096352190325,0.30114040462482,0.0350068609679936,74,4.72235007440598,4.85957696940051
"CWW_e_h_LD-HR_1","CWW","east","heavy","LD-HR",1,"winterwheat",8.366,0,0,74,8.366,8.366,0,0,0,74,0,0
"CWW_e_h_LD-HR_2","CWW","east","heavy","LD-HR",2,"winterwheat",7.74737521179621,0.104922409985046,0.0121969824120726,74,7.72346912626855,7.77128129732388,0.174921359512102,0.106272283853781,0.0123539020619149,74,0.150707711470749,0.199135007553455
"CWW_e_h_LD-HR_3","CWW","east","heavy","LD-HR",3,"winterwheat",7.66897577951505,0.156855434246772,0.0182340738553237,74,7.63323699475861,7.70471456427148,7.66897577951505,0.156855434246772,0.0182340738553237,74,7.63323699475861,7.70471456427148
"CWW_e_h_LD-HR_4","CWW","east","heavy","LD-HR",4,"winterwheat",7.30731880141807,0.189581452556557,0.0220383962093231,74,7.2641235448478,7.35051405798835,-1.0171253638238,0.223615799149798,0.0259948086369762,74,-1.06807518875227,-0.966175538895322
"CWW_e_h_LD-HR_5","CWW","east","heavy","LD-HR",5,"winterwheat",7.29569700673009,0.210750497324563,0.024499247678066,74,7.24767848128108,7.3437155321791,-0.193375338292652,0.201012430675477,0.0233672204241799,74,-0.239175090324045,-0.14757558626126
"CWW_e_h_LD-HR_6","CWW","east","heavy","LD-HR",6,"winterwheat",7.12031623559314,0.214832151426153,0.024973730329545,74,7.07136772414723,7.16926474703905,7.12031623559314,0.214832151426153,0.024973730329545,74,7.07136772414723,7.16926474703905
"CWW_e_m_LD-HR_1","CWW","east","medium","LD-HR",1,"winterwheat",7.416,0,0,74,7.416,7.416,0,0,0,74,0,0
"CWW_e_m_LD-HR_2","CWW","east","medium","LD-HR",2,"winterwheat",6.6393455265439,0.158679104257535,0.0184460711879228,74,6.60319122701557,6.67549982607223,0.191833710713702,0.119736164020181,0.0139190463395887,74,0.164552379888109,0.219115041539296
"CWW_e_m_LD-HR_3","CWW","east","medium","LD-HR",3,"winterwheat",6.43318751607238,0.294863632868684,0.034277201072409,74,6.36600420197046,6.5003708301743,6.43318751607238,0.294863632868684,0.034277201072409,74,6.36600420197046,6.5003708301743
"CWW_e_m_LD-HR_4","CWW","east","medium","LD-HR",4,"winterwheat",6.05951659986104,0.348519618017219,0.0405145826503996,74,5.98010801786625,6.13892518185582,-0.799102123726236,0.274975948445589,0.0319653047181419,74,-0.861754120973794,-0.736450126478678
"CWW_e_m_LD-HR_5","CWW","east","medium","LD-HR",5,"winterwheat",6.02155054188089,0.372017930566935,0.0432462059987683,74,5.9367879781233,6.10631310563847,-0.362667368300085,0.301778415704918,0.0350810282495474,74,-0.431426183669198,-0.293908552930972
"CWW_e_m_LD-HR_6","CWW","east","medium","LD-HR",6,"winterwheat",5.86761250559465,0.370493319290664,0.0430689735378996,74,5.78319731746037,5.95202769372893,5.86761250559465,0.370493319290664,0.0430689735378996,74,5.78319731746037,5.95202769372893
"CWW_e_l_LD-HR_1","CWW","east","light","LD-HR",1,"winterwheat",6.054,0,0,74,6.054,6.054,0,0,0,74,0,0
"CWW_e_l_LD-HR_2","CWW","east","light","LD-HR",2,"winterwheat",5.4200802776009,0.128983307480827,0.0149940049320142,74,5.39069202793416,5.44946852726765,0.147227136937975,0.0965920669257869,0.0112285997015077,74,0.12521908152302,0.16923519235293
"CWW_e_l_LD-HR_3","CWW","east","light","LD-HR",3,"winterwheat",5.25223842521472,0.239676697017726,0.0278618500902284,74,5.19762919903787,5.30684765139156,5.25223842521472,0.239676697017726,0.0278618500902284,74,5.19762919903787,5.30684765139156
"CWW_e_l_LD-HR_4","CWW","east","light","LD-HR",4,"winterwheat",4.94746728466439,0.283283108267833,0.0329309924321453,74,4.88292253949739,5.0120120298314,-0.695840078078368,0.214916071467198,0.0249834858361597,74,-0.744807710317241,-0.646872445839495
"CWW_e_l_LD-HR_5","CWW","east","light","LD-HR",5,"winterwheat",4.91660874394591,0.302380140125691,0.0351509772926368,74,4.84771282845234,4.98550465943948,-0.310783606908658,0.243451206805577,0.0283006279404816,74,-0.366252837672002,-0.255314376145314
"CWW_e_l_LD-HR_6","CWW","east","light","LD-HR",6,"winterwheat",4.79096352190325,0.30114040462482,0.0350068609679936,74,4.72235007440598,4.85957696940051,4.79096352190325,0.30114040462482,0.0350068609679936,74,4.72235007440598,4.85957696940051
"CWW_n_h_HD-HR_1","CWW","north","heavy","HD-HR",1,"winterwheat",8.366,0,0,74,8.366,8.366,0,0,0,74,0,0
"CWW_n_h_HD-HR_2","CWW","north","heavy","HD-HR",2,"winterwheat",7.37103628983151,0.194861092000337,0.0226521418280813,74,7.32663809184847,7.41543448781455,0.190372528937475,0.137675377882295,0.0160044375919799,74,0.159003831257194,0.221741226617755
"CWW_n_h_HD-HR_3","CWW","north","heavy","HD-HR",3,"winterwheat",7.06433671965561,0.359838157973739,0.0418303361943725,74,6.98234926071464,7.14632417859658,7.06433671965561,0.359838157973739,0.0418303361943725,74,6.98234926071464,7.14632417859658
"CWW_n_h_HD-HR_4","CWW","north","heavy","HD-HR",4,"winterwheat",6.62466509615532,0.409025242296307,0.0475482186035642,74,6.53147058769234,6.71785960461831,-0.932330430922714,0.330904890115123,0.038466912124666,74,-1.00772557868706,-0.856935283158369
"CWW_n_h_HD-HR_5","CWW","north","heavy","HD-HR",5,"winterwheat",6.57491769038457,0.426448334377416,0.0495736119176094,74,6.47775341102605,6.67208196974308,-0.501947261078683,0.34441044988471,0.040036901557794,74,-0.580419588131959,-0.423474934025406
"CWW_n_h_HD-HR_6","CWW","north","heavy","HD-HR",6,"winterwheat",6.40504203091569,0.420585401424644,0.0488920598057362,74,6.30921359369645,6.50087046813493,6.40504203091569,0.420585401424644,0.0488920598057362,74,6.30921359369645,6.50087046813493
"CWW_n_m_HD-HR_1","CWW","north","medium","HD-HR",1,"winterwheat",7.416,0,0,74,7.416,7.416,0,0,0,74,0,0
"CWW_n_m_HD-HR_2","CWW","north","medium","HD-HR",2,"winterwheat",6.63518594932272,0.15948148273445,0.018539345791243,74,6.59884883157189,6.67152306707356,0.124057683548247,0.114298571337241,0.0132869390297462,74,0.0980152830499445,0.15010008404655
"CWW_n_m_HD-HR_3","CWW","north","medium","HD-HR",3,"winterwheat",6.42647216762004,0.296393040676789,0.0344549911187776,74,6.35894038502723,6.49400395021284,6.42647216762004,0.296393040676789,0.0344549911187776,74,6.35894038502723,6.49400395021284
"CWW_n_m_HD-HR_4","CWW","north","medium","HD-HR",4,"winterwheat",6.05211581193918,0.34989689060847,0.0406746873370391,74,5.97239342475858,6.13183819911978,-0.913012212740468,0.265575523745537,0.0308725275435718,74,-0.973522366725869,-0.852502058755067
"CWW_n_m_HD-HR_5","CWW","north","medium","HD-HR",5,"winterwheat",6.01389006410346,0.373156234973696,0.043378531198226,74,5.92886814295494,6.09891198525199,-0.441793708266323,0.306266709289159,0.0356027817807044,74,-0.511575160556503,-0.372012255976142
"CWW_n_m_HD-HR_6","CWW","north","medium","HD-HR",6,"winterwheat",5.86006413410214,0.371529152464612,0.0431893866985036,74,5.77541293617307,5.9447153320312,5.86006413410214,0.371529152464612,0.0431893866985036,74,5.77541293617307,5.9447153320312
"CWW_n_l_HD-HR_1","CWW","north","light","HD-HR",1,"winterwheat",6.054,0,0,74,6.054,6.054,0,0,0,74,0,0
"CWW_n_l_HD-HR_2","CWW","north","light","HD-HR",2,"winterwheat",5.41669915948275,0.129635477529714,0.0150698181602567,74,5.38716231588865,5.44623600307685,0.143846018819817,0.0959182301431142,0.0111502677666233,74,0.121991493997236,0.165700543642399
"CWW_n_l_HD-HR_3","CWW","north","light","HD-HR",3,"winterwheat",5.2467799115992,0.240919389759755,0.0280063101871734,74,5.19188754363234,5.30167227956606,5.2467799115992,0.240919389759755,0.0280063101871734,74,5.19188754363234,5.30167227956606
"CWW_n_l_HD-HR_4","CWW","north","light","HD-HR",4,"winterwheat",4.94145177804679,0.28440194263315,0.0330610542852589,74,4.87665211164768,5.00625144444589,-0.701855584695972,0.213631223707938,0.0248341253180004,74,-0.750530470319252,-0.653180699072691
"CWW_n_l_HD-HR_5","CWW","north","light","HD-HR",5,"winterwheat",4.91038221971107,0.303304691633373,0.0352584542223018,74,4.84127564943536,4.97948878998678,-0.317010131143499,0.244610815643576,0.0284354297297654,74,-0.372743573413839,-0.261276688873159
"CWW_n_l_HD-HR_6","CWW","north","light","HD-HR",6,"winterwheat",4.7848281428101,0.301981682459871,0.0351046575298458,74,4.71602301405161,4.8536332715686,4.7848281428101,0.301981682459871,0.0351046575298458,74,4.71602301405161,4.8536332715686
"CWW_c_h_HD-HR_1","CWW","central","heavy","HD-HR",1,"winterwheat",8.366,0,0,74,8.366,8.366,0,0,0,74,0,0
"CWW_c_h_HD-HR_2","CWW","central","heavy","HD-HR",2,"winterwheat",7.3760568873497,0.194337483352998,0.0225912735592023,74,7.33177799117366,7.42033578352573,0.193327016324236,0.138258825106578,0.0160722619541344,74,0.161825382894133,0.22482864975434
"CWW_c_h_HD-HR_3","CWW","central","heavy","HD-HR",3,"winterwheat",7.07242354030662,0.359377294822674,0.0417767619412773,74,6.99054108690172,7.15430599371153,7.07242354030662,0.359377294822674,0.0417767619412773,74,6.99054108690172,7.15430599371153
"CWW_c_h_HD-HR_4","CWW","central","heavy","HD-HR",4,"winterwheat",6.63331291285386,0.409170221472658,0.0475650720904821,74,6.54008537155652,6.72654045415121,-0.924229707502845,0.33321697109633,0.0387356860793158,74,-1.0001516522183,-0.848307762787386
"CWW_c_h_HD-HR_5","CWW","central","heavy","HD-HR",5,"winterwheat",6.58372580924006,0.42692875267018,0.0496294594097525,74,6.48645206879695,6.68099954968318,-0.495598290507085,0.344541411090301,0.0400521254887111,74,-0.574100456464959,-0.417096124549212
"CWW_c_h_HD-HR_6","CWW","central","heavy","HD-HR",6,"winterwheat",6.41365119081644,0.421084915609629,0.0489501271502598,74,6.31770894160193,6.50959344003095,6.41365119081644,0.421084915609629,0.0489501271502598,74,6.31770894160193,6.50959344003095
"CWW_c_m_HD-HR_1","CWW","central","medium","HD-HR",1,"winterwheat",7.416,0,0,74,7.416,7.416,0,0,0,74,0,0
"CWW_c_m_HD-HR_2","CWW","central","medium","HD-HR",2,"winterwheat",6.6393455265439,0.158679104257535,0.0184460711879228,74,6.60319122701557,6.67549982607223,0.128217260769427,0.115430720769281,0.013418548727926,74,0.101916905262692,0.154517616276162
"CWW_c_m_HD-HR_3","CWW","central","medium","HD-HR",3,"winterwheat",6.43318751607238,0.294863632868684,0.034277201072409,74,6.36600420197046,6.5003708301743,6.43318751607238,0.294863632868684,0.034277201072409,74,6.36600420197046,6.5003708301743
"CWW_c_m_HD-HR_4","CWW","central","medium","HD-HR",4,"winterwheat",6.05951659986104,0.348519618017219,0.0405145826503996,74,5.98010801786625,6.13892518185582,-0.905611424818609,0.267073186201052,0.0310466272676606,74,-0.966462814263224,-0.844760035373994
"CWW_c_m_HD-HR_5","CWW","central","medium","HD-HR",5,"winterwheat",6.02155054188089,0.372017930566935,0.0432462059987683,74,5.9367879781233,6.10631310563847,-0.434133230488899,0.305054916290641,0.0354619137059804,74,-0.50363858135262,-0.364627879625177
"CWW_c_m_HD-HR_6","CWW","central","medium","HD-HR",6,"winterwheat",5.86761250559465,0.370493319290664,0.0430689735378996,74,5.78319731746037,5.95202769372893,5.86761250559465,0.370493319290664,0.0430689735378996,74,5.78319731746037,5.95202769372893
"CWW_c_l_HD-HR_1","CWW","central","light","HD-HR",1,"winterwheat",6.054,0,0,74,6.054,6.054,0,0,0,74,0,0
"CWW_c_l_HD-HR_2","CWW","central","light","HD-HR",2,"winterwheat",5.4200802776009,0.128983307480827,0.0149940049320142,74,5.39069202793416,5.44946852726765,0.147227136937975,0.0965920669257869,0.0112285997015077,74,0.12521908152302,0.16923519235293
"CWW_c_l_HD-HR_3","CWW","central","light","HD-HR",3,"winterwheat",5.25223842521472,0.239676697017726,0.0278618500902284,74,5.19762919903787,5.30684765139156,5.25223842521472,0.239676697017726,0.0278618500902284,74,5.19762919903787,5.30684765139156
"CWW_c_l_HD-HR_4","CWW","central","light","HD-HR",4,"winterwheat",4.94746728466439,0.283283108267833,0.0329309924321453,74,4.88292253949739,5.0120120298314,-0.695840078078368,0.214916071467198,0.0249834858361597,74,-0.744807710317241,-0.646872445839495
"CWW_c_l_HD-HR_5","CWW","central","light","HD-HR",5,"winterwheat",4.91660874394591,0.302380140125691,0.0351509772926368,74,4.84771282845234,4.98550465943948,-0.310783606908658,0.243451206805577,0.0283006279404816,74,-0.366252837672002,-0.255314376145314
"CWW_c_l_HD-HR_6","CWW","central","light","HD-HR",6,"winterwheat",4.79096352190325,0.30114040462482,0.0350068609679936,74,4.72235007440598,4.85957696940051,4.79096352190325,0.30114040462482,0.0350068609679936,74,4.72235007440598,4.85957696940051
"CWW_e_h_HD-HR_1","CWW","east","heavy","HD-HR",1,"winterwheat",8.366,0,0,74,8.366,8.366,0,0,0,74,0,0
"CWW_e_h_HD-HR_2","CWW","east","heavy","HD-HR",2,"winterwheat",7.74737521179621,0.104922409985046,0.0121969824120726,74,7.72346912626855,7.77128129732388,0.140906082994789,0.101681650613685,0.0118202517874149,74,0.117738389491456,0.164073776498122
"CWW_e_h_HD-HR_3","CWW","east","heavy","HD-HR",3,"winterwheat",7.66897577951505,0.156855434246772,0.0182340738553237,74,7.63323699475861,7.70471456427148,7.66897577951505,0.156855434246772,0.0182340738553237,74,7.63323699475861,7.70471456427148
"CWW_e_h_HD-HR_4","CWW","east","heavy","HD-HR",4,"winterwheat",7.30731880141807,0.189581452556557,0.0220383962093231,74,7.2641235448478,7.35051405798835,-1.07063464155238,0.213391384161827,0.0248062445370877,74,-1.11925488084507,-1.02201440225969
"CWW_e_h_HD-HR_5","CWW","east","heavy","HD-HR",5,"winterwheat",7.29569700673009,0.210750497324563,0.024499247678066,74,7.24767848128108,7.3437155321791,-0.212870624267449,0.201087520155663,0.023375949398946,74,-0.258687485089383,-0.167053763445514
"CWW_e_h_HD-HR_6","CWW","east","heavy","HD-HR",6,"winterwheat",7.12031623559314,0.214832151426153,0.024973730329545,74,7.07136772414723,7.16926474703905,7.12031623559314,0.214832151426153,0.024973730329545,74,7.07136772414723,7.16926474703905
"CWW_e_m_HD-HR_1","CWW","east","medium","HD-HR",1,"winterwheat",7.416,0,0,74,7.416,7.416,0,0,0,74,0,0
"CWW_e_m_HD-HR_2","CWW","east","medium","HD-HR",2,"winterwheat",6.6393455265439,0.158679104257535,0.0184460711879228,74,6.60319122701557,6.67549982607223,0.128217260769427,0.115430720769281,0.013418548727926,74,0.101916905262692,0.154517616276162
"CWW_e_m_HD-HR_3","CWW","east","medium","HD-HR",3,"winterwheat",6.43318751607238,0.294863632868684,0.034277201072409,74,6.36600420197046,6.5003708301743,6.43318751607238,0.294863632868684,0.034277201072409,74,6.36600420197046,6.5003708301743
"CWW_e_m_HD-HR_4","CWW","east","medium","HD-HR",4,"winterwheat",6.05951659986104,0.348519618017219,0.0405145826503996,74,5.98010801786625,6.13892518185582,-0.905611424818609,0.267073186201052,0.0310466272676606,74,-0.966462814263224,-0.844760035373994
"CWW_e_m_HD-HR_5","CWW","east","medium","HD-HR",5,"winterwheat",6.02155054188089,0.372017930566935,0.0432462059987683,74,5.9367879781233,6.10631310563847,-0.434133230488899,0.305054916290641,0.0354619137059804,74,-0.50363858135262,-0.364627879625177
"CWW_e_m_HD-HR_6","CWW","east","medium","HD-HR",6,"winterwheat",5.86761250559465,0.370493319290664,0.0430689735378996,74,5.78319731746037,5.95202769372893,5.86761250559465,0.370493319290664,0.0430689735378996,74,5.78319731746037,5.95202769372893
"CWW_e_l_HD-HR_1","CWW","east","light","HD-HR",1,"winterwheat",6.054,0,0,74,6.054,6.054,0,0,0,74,0,0
"CWW_e_l_HD-HR_2","CWW","east","light","HD-HR",2,"winterwheat",5.4200802776009,0.128983307480827,0.0149940049320142,74,5.39069202793416,5.44946852726765,0.147227136937975,0.0965920669257869,0.0112285997015077,74,0.12521908152302,0.16923519235293
"CWW_e_l_HD-HR_3","CWW","east","light","HD-HR",3,"winterwheat",5.25223842521472,0.239676697017726,0.0278618500902284,74,5.19762919903787,5.30684765139156,5.25223842521472,0.239676697017726,0.0278618500902284,74,5.19762919903787,5.30684765139156
"CWW_e_l_HD-HR_4","CWW","east","light","HD-HR",4,"winterwheat",4.94746728466439,0.283283108267833,0.0329309924321453,74,4.88292253949739,5.0120120298314,-0.695840078078368,0.214916071467198,0.0249834858361597,74,-0.744807710317241,-0.646872445839495
"CWW_e_l_HD-HR_5","CWW","east","light","HD-HR",5,"winterwheat",4.91660874394591,0.302380140125691,0.0351509772926368,74,4.84771282845234,4.98550465943948,-0.310783606908658,0.243451206805577,0.0283006279404816,74,-0.366252837672002,-0.255314376145314
"CWW_e_l_HD-HR_6","CWW","east","light","HD-HR",6,"winterwheat",4.79096352190325,0.30114040462482,0.0350068609679936,74,4.72235007440598,4.85957696940051,4.79096352190325,0.30114040462482,0.0350068609679936,74,4.72235007440598,4.85957696940051
"MIT_n_h_LD-LR_1","MIT","north","heavy","LD-LR",1,"winterwheat",8.992,0,0,74,8.992,8.992,0.625999999999999,0,0,74,0.625999999999999,0.625999999999999
"MIT_n_h_LD-LR_2","MIT","north","heavy","LD-LR",2,"winterbarley",0,0,0,74,0,0,-7.60017553709076,0.162819600180515,0.0189273940621976,74,-7.63727322945266,-7.56307784472885
"MIT_n_h_LD-LR_3","MIT","north","heavy","LD-LR",3,"wosr",0,0,0,74,0,0,0,0,0,74,0,0
"MIT_n_h_LD-LR_4","MIT","north","heavy","LD-LR",4,"winterwheat",9.51224632143662,0.121509312330953,0.0141251706438586,74,9.48456098697466,9.53993165589859,1.12516773392786,0.16353558036354,0.0190106250678616,74,1.08790690879485,1.16242855906087
"MIT_n_h_LD-LR_5","MIT","north","heavy","LD-LR",5,"springbeans",0,0,0,74,0,0,-7.50471898357446,0.0631285514425032,0.00733854504250873,74,-7.51910253185777,-7.49033543529114
"MIT_n_h_LD-LR_6","MIT","north","heavy","LD-LR",6,"winterwheat",9.5898383254102,0.0476082660434541,0.00553434851223909,74,9.57899100232621,9.60068564849418,9.5898383254102,0.0476082660434541,0.00553434851223909,74,9.57899100232621,9.60068564849418
"MIT_n_m_LD-LR_1","MIT","north","medium","LD-LR",1,"winterwheat",7.974,0,0,74,7.974,7.974,0.558,0,0,74,0.558,0.558
"MIT_n_m_LD-LR_2","MIT","north","medium","LD-LR",2,"winterbarley",0,0,0,74,0,0,-6.82342046123207,0.130122074848108,0.0151263839495391,74,-6.85306817377317,-6.79377274869097
"MIT_n_m_LD-LR_3","MIT","north","medium","LD-LR",3,"wosr",0,0,0,74,0,0,0,0,0,74,0,0
"MIT_n_m_LD-LR_4","MIT","north","medium","LD-LR",4,"winterwheat",8.47938315281232,0.062926824262572,0.00731509473417127,74,8.46504556713334,8.49372073849129,0.886181657131999,0.131230421923899,0.0152552266800084,74,0.856281412839183,0.916081901424815
"MIT_n_m_LD-LR_5","MIT","north","medium","LD-LR",5,"springbeans",0,0,0,74,0,0,-6.69408068658719,0.0365605079508459,0.00425007272056047,74,-6.70241082911949,-6.68575054405489
"MIT_n_m_LD-LR_6","MIT","north","medium","LD-LR",6,"winterwheat",8.52018325965387,0.0227164819572346,0.00264073738809509,74,8.5150074143732,8.52535910493454,8.52018325965387,0.0227164819572346,0.00264073738809509,74,8.5150074143732,8.52535910493454
"MIT_n_l_LD-LR_1","MIT","north","light","LD-LR",1,"winterwheat",6.51,0,0,74,6.51,6.51,0.456,0,0,74,0.456,0.456
"MIT_n_l_LD-LR_2","MIT","north","light","LD-LR",2,"winterbarley",0,0,0,74,0,0,-5.57583795012573,0.104190704501263,0.0121119233773268,74,-5.59957731994529,-5.55209858030617
"MIT_n_l_LD-LR_3","MIT","north","light","LD-LR",3,"wosr",0,0,0,74,0,0,0,0,0,74,0,0
"MIT_n_l_LD-LR_4","MIT","north","light","LD-LR",4,"winterwheat",6.92664359136029,0.0450215347093088,0.00523364710258005,74,6.91638564303923,6.93690153968134,0.695519169807422,0.0997258495154628,0.011592894527894,74,0.67279709653275,0.718241243082094
"MIT_n_l_LD-LR_5","MIT","north","light","LD-LR",5,"driedpeas",0,0,0,74,0,0,-5.46802398444481,0.0272052398522525,0.00316254489428361,74,-5.47422257243761,-5.46182539645201
"MIT_n_l_LD-LR_6","MIT","north","light","LD-LR",6,"winterwheat",6.95340262827627,0.0210564430588922,0.0024477617859399,74,6.94860501517583,6.95820024137671,6.95340262827627,0.0210564430588922,0.0024477617859399,74,6.94860501517583,6.95820024137671
"MIT_c_h_LD-LR_1","MIT","central","heavy","LD-LR",1,"winterwheat",8.992,0,0,74,8.992,8.992,0.625999999999999,0,0,74,0.625999999999999,0.625999999999999
"MIT_c_h_LD-LR_2","MIT","central","heavy","LD-LR",2,"winterbarley",0,0,0,74,0,0,-7.6019029484431,0.161915156535224,0.0188222546240556,74,-7.63879456750625,-7.56501132937995
"MIT_c_h_LD-LR_3","MIT","central","heavy","LD-LR",3,"wosr",0,0,0,74,0,0,0,0,0,74,0,0
"MIT_c_h_LD-LR_4","MIT","central","heavy","LD-LR",4,"winterwheat",9.51224632143662,0.121509312330953,0.0141251706438586,74,9.48456098697466,9.53993165589859,1.12457103472657,0.163330062198023,0.0189867340664014,74,1.08735703595642,1.16178503349672
"MIT_c_h_LD-LR_5","MIT","central","heavy","LD-LR",5,"springbeans",0,0,0,74,0,0,-7.50553992530365,0.062820698852093,0.00730275790579237,74,-7.519853330799,-7.4912265198083
"MIT_c_h_LD-LR_6","MIT","central","heavy","LD-LR",6,"winterwheat",9.5898383254102,0.0476082660434541,0.00553434851223909,74,9.57899100232621,9.60068564849418,9.5898383254102,0.0476082660434541,0.00553434851223909,74,9.57899100232621,9.60068564849418
"MIT_c_m_LD-LR_1","MIT","central","medium","LD-LR",1,"winterwheat",7.974,0,0,74,7.974,7.974,0.558,0,0,74,0.558,0.558
"MIT_c_m_LD-LR_2","MIT","central","medium","LD-LR",2,"winterbarley",0,0,0,74,0,0,-6.82342046123207,0.130122074848108,0.0151263839495391,74,-6.85306817377317,-6.79377274869097
"MIT_c_m_LD-LR_3","MIT","central","medium","LD-LR",3,"wosr",0,0,0,74,0,0,0,0,0,74,0,0
"MIT_c_m_LD-LR_4","MIT","central","medium","LD-LR",4,"winterwheat",8.47938315281232,0.062926824262572,0.00731509473417127,74,8.46504556713334,8.49372073849129,0.886181657131999,0.131230421923899,0.0152552266800084,74,0.856281412839183,0.916081901424815
"MIT_c_m_LD-LR_5","MIT","central","medium","LD-LR",5,"springbeans",0,0,0,74,0,0,-6.69408068658719,0.0365605079508459,0.00425007272056047,74,-6.70241082911949,-6.68575054405489
"MIT_c_m_LD-LR_6","MIT","central","medium","LD-LR",6,"winterwheat",8.52018325965387,0.0227164819572346,0.00264073738809509,74,8.5150074143732,8.52535910493454,8.52018325965387,0.0227164819572346,0.00264073738809509,74,8.5150074143732,8.52535910493454
"MIT_c_l_LD-LR_1","MIT","central","light","LD-LR",1,"winterwheat",6.51,0,0,74,6.51,6.51,0.456,0,0,74,0.456,0.456
"MIT_c_l_LD-LR_2","MIT","central","light","LD-LR",2,"winterbarley",0,0,0,74,0,0,-5.57583795012573,0.104190704501263,0.0121119233773268,74,-5.59957731994529,-5.55209858030617
"MIT_c_l_LD-LR_3","MIT","central","light","LD-LR",3,"wosr",0,0,0,74,0,0,0,0,0,74,0,0
"MIT_c_l_LD-LR_4","MIT","central","light","LD-LR",4,"winterwheat",6.92670146745152,0.0449443371202369,0.00522467306513373,74,6.91646110824385,6.93694182665918,0.695577045898652,0.0997700180938133,0.0115980290208339,74,0.672844909017817,0.718309182779486
"MIT_c_l_LD-LR_5","MIT","central","light","LD-LR",5,"driedpeas",0,0,0,74,0,0,-5.46802398444481,0.0272052398522525,0.00316254489428361,74,-5.47422257243761,-5.46182539645201
"MIT_c_l_LD-LR_6","MIT","central","light","LD-LR",6,"winterwheat",6.95340579384509,0.0210552429453264,0.00244762227557165,74,6.94860845418497,6.95820313350521,6.95340579384509,0.0210552429453264,0.00244762227557165,74,6.94860845418497,6.95820313350521
"MIT_e_h_LD-LR_1","MIT","east","heavy","LD-LR",1,"winterwheat",8.366,0,0,74,8.366,8.366,0,0,0,74,0,0
"MIT_e_h_LD-LR_2","MIT","east","heavy","LD-LR",2,"wosr",0,0,0,74,0,0,-7.8853909586348,0.0681891395778851,0.00792682646390186,74,-7.90092753850405,-7.86985437876555
"MIT_e_h_LD-LR_3","MIT","east","heavy","LD-LR",3,"winterwheat",8.88442480536932,0.0629327128001423,0.00731577926275947,74,8.87008587801432,8.89876373272433,8.88442480536932,0.0629327128001423,0.00731577926275947,74,8.87008587801432,8.89876373272433
"MIT_e_h_LD-LR_4","MIT","east","heavy","LD-LR",4,"winterwheat",7.61124570597928,0.00455321719466175,0.000529300747567186,74,7.61020827651404,7.61228313544451,-1.23042151837896,0.0748294249685164,0.00869874396114782,74,-1.24747105654281,-1.21337198021511
"MIT_e_h_LD-LR_5","MIT","east","heavy","LD-LR",5,"wosr",0,0,0,74,0,0,-7.604903823757,0.00656550271103597,0.000763224187324075,74,-7.60639974316416,-7.60340790434985
"MIT_e_h_LD-LR_6","MIT","east","heavy","LD-LR",6,"winterwheat",8.91807711209909,0.0436269371444181,0.00507152842866362,74,8.90813691637891,8.92801730781927,8.91807711209909,0.0436269371444181,0.00507152842866362,74,8.90813691637891,8.92801730781927
"MIT_e_m_LD-LR_1","MIT","east","medium","LD-LR",1,"winterwheat",7.416,0,0,74,7.416,7.416,0,0,0,74,0,0
"MIT_e_m_LD-LR_2","MIT","east","medium","LD-LR",2,"wosr",0,0,0,74,0,0,-6.82342046123207,0.130122074848108,0.0151263839495391,74,-6.85306817377317,-6.79377274869097
"MIT_e_m_LD-LR_3","MIT","east","medium","LD-LR",3,"winterwheat",7.72317778628809,0.163644693506646,0.0190233092131036,74,7.68589210023041,7.76046347234577,7.72317778628809,0.163644693506646,0.0190233092131036,74,7.68589210023041,7.76046347234577
"MIT_e_m_LD-LR_4","MIT","east","medium","LD-LR",4,"winterwheat",6.72269484438343,0.0300799155008897,0.00349671915059204,74,6.71584127484827,6.72954841391859,-0.870506651296888,0.159319512881337,0.0185205171782709,74,-0.906806864966299,-0.834206437627477
"MIT_e_m_LD-LR_5","MIT","east","medium","LD-LR",5,"wosr",0,0,0,74,0,0,-6.69408068658719,0.0365605079508459,0.00425007272056047,74,-6.70241082911949,-6.68575054405489
"MIT_e_m_LD-LR_6","MIT","east","medium","LD-LR",6,"winterwheat",7.76693235679797,0.165899093004883,0.0192853778315589,74,7.72913301624812,7.80473169734783,7.76693235679797,0.165899093004883,0.0192853778315589,74,7.72913301624812,7.80473169734783
"MIT_e_l_LD-LR_1","MIT","east","light","LD-LR",1,"winterwheat",6.054,0,0,74,6.054,6.054,0,0,0,74,0,0
"MIT_e_l_LD-LR_2","MIT","east","light","LD-LR",2,"wosr",0,0,0,74,0,0,-5.57583795012573,0.104190704501263,0.0121119233773268,74,-5.59957731994529,-5.55209858030617
"MIT_e_l_LD-LR_3","MIT","east","light","LD-LR",3,"winterwheat",6.30368946690369,0.13305624667929,0.0154674744965826,74,6.27337321689039,6.334005716917,6.30368946690369,0.13305624667929,0.0154674744965826,74,6.27337321689039,6.334005716917
"MIT_e_l_LD-LR_4","MIT","east","light","LD-LR",4,"winterwheat",5.48660754811542,0.0244616101436997,0.00284360441907694,74,5.48103408345403,5.49218101277681,-0.744516873437443,0.118563090762508,0.0137826793433107,74,-0.771530924950332,-0.717502821924554
"MIT_e_l_LD-LR_5","MIT","east","light","LD-LR",5,"wosr",0,0,0,74,0,0,-5.46802398444481,0.0272052398522525,0.00316254489428361,74,-5.47422257243761,-5.46182539645201
"MIT_e_l_LD-LR_6","MIT","east","light","LD-LR",6,"winterwheat",6.33926797537128,0.134891727948728,0.0156808448601133,74,6.30853351944546,6.3700024312971,6.33926797537128,0.134891727948728,0.0156808448601133,74,6.30853351944546,6.3700024312971
"MIT_n_h_LD-HR_1","MIT","north","heavy","LD-HR",1,"winterwheat",8.366,0,0,74,8.366,8.366,0,0,0,74,0,0
"MIT_n_h_LD-HR_2","MIT","north","heavy","LD-HR",2,"winterbarley",0,0,0,74,0,0,-7.13957182330706,0.201009421084176,0.0233668705662976,74,-7.185370889617,-7.09377275699712
"MIT_n_h_LD-HR_3","MIT","north","heavy","LD-HR",3,"springbeans",0,0,0,74,0,0,0,0,0,74,0,0
"MIT_n_h_LD-HR_4","MIT","north","heavy","LD-HR",4,"winterwheat",8.24195682629069,0.4527796713097,0.0526345676609552,74,8.13879307367521,8.34512057890616,0.748876341410979,0.425968858218546,0.0495178739463067,74,0.651821308476218,0.84593137434574
"MIT_n_h_LD-HR_5","MIT","north","heavy","LD-HR",5,"winterbarley",0,0,0,74,0,0,-7.02010496376035,0.152539989600889,0.0177324136051101,74,-7.05486049442636,-6.98534943309433
"MIT_n_h_LD-HR_6","MIT","north","heavy","LD-HR",6,"springbeans",0,0,0,74,0,0,0,0,0,74,0,0
"MIT_n_m_LD-HR_1","MIT","north","medium","LD-HR",1,"winterwheat",7.416,0,0,74,7.416,7.416,0,0,0,74,0,0
"MIT_n_m_LD-HR_2","MIT","north","medium","LD-HR",2,"winterbarley",0,0,0,74,0,0,-6.4475118158302,0.174435504018019,0.0202777154551827,74,-6.48725613812236,-6.40776749353804
"MIT_n_m_LD-HR_3","MIT","north","medium","LD-HR",3,"springbeans",0,0,0,74,0,0,0,0,0,74,0,0
"MIT_n_m_LD-HR_4","MIT","north","medium","LD-HR",4,"winterwheat",7.47480902894237,0.345801839936908,0.0401986473659337,74,7.39601968010514,7.5535983777796,0.616190305355101,0.321435106576553,0.0373660721488922,74,0.542952803943272,0.689427806766929
"MIT_n_m_LD-HR_5","MIT","north","medium","LD-HR",5,"winterbarley",0,0,0,74,0,0,-6.38421791018097,0.107808118073994,0.0125324391635167,74,-6.40878149094147,-6.35965432942048
"MIT_n_m_LD-HR_6","MIT","north","medium","LD-HR",6,"springbeans",0,0,0,74,0,0,0,0,0,74,0,0
"MIT_n_l_LD-HR_1","MIT","north","light","LD-HR",1,"winterwheat",6.054,0,0,74,6.054,6.054,0,0,0,74,0,0
"MIT_n_l_LD-HR_2","MIT","north","light","LD-HR",2,"winterbarley",0,0,0,74,0,0,-5.27285314066293,0.141287435496732,0.0164243307606648,74,-5.30504482895383,-5.24066145237203
"MIT_n_l_LD-HR_3","MIT","north","light","LD-HR",3,"driedpeas",0,0,0,74,0,0,0,0,0,74,0,0
"MIT_n_l_LD-HR_4","MIT","north","light","LD-HR",4,"winterwheat",6.19886591212003,0.234864435408986,0.0273024360411949,74,6.14535313747929,6.25237868676077,0.555558549377273,0.227280023104524,0.0264207660195416,74,0.503773847978971,0.607343250775574
"MIT_n_l_LD-HR_5","MIT","north","light","LD-HR",5,"winterbarley",0,0,0,74,0,0,-5.22739235085457,0.0865031651746144,0.0100557886954155,74,-5.24710169669758,-5.20768300501156
"MIT_n_l_LD-HR_6","MIT","north","light","LD-HR",6,"driedpeas",0,0,0,74,0,0,0,0,0,74,0,0
"MIT_c_h_LD-HR_1","MIT","central","heavy","LD-HR",1,"winterwheat",8.366,0,0,74,8.366,8.366,0,0,0,74,0,0
"MIT_c_h_LD-HR_2","MIT","central","heavy","LD-HR",2,"springbarley",0,0,0,74,0,0,-7.14163081554789,0.200477993711094,0.0233050933890129,74,-7.18730879859036,-7.09595283250542
"MIT_c_h_LD-HR_3","MIT","central","heavy","LD-HR",3,"wosr",0,0,0,74,0,0,0,0,0,74,0,0
"MIT_c_h_LD-HR_4","MIT","central","heavy","LD-HR",4,"winterwheat",8.62537340347297,0.217711178152449,0.0253084103883571,74,8.57576891911179,8.67497788783415,1.13176372691357,0.193151418399882,0.0224533963090057,74,1.08775507014792,1.17577238367922
"MIT_c_h_LD-HR_5","MIT","central","heavy","LD-HR",5,"springbarley",0,0,0,74,0,0,-7.0226659052342,0.152169296927094,0.0176893214570817,74,-7.05733697529009,-6.98799483517832
"MIT_c_h_LD-HR_6","MIT","central","heavy","LD-HR",6,"wosr",0,0,0,74,0,0,0,0,0,74,0,0
"MIT_c_m_LD-HR_1","MIT","central","medium","LD-HR",1,"winterwheat",7.416,0,0,74,7.416,7.416,0,0,0,74,0,0
"MIT_c_m_LD-HR_2","MIT","central","medium","LD-HR",2,"springbarley",0,0,0,74,0,0,-6.4475118158302,0.174435504018019,0.0202777154551827,74,-6.48725613812236,-6.40776749353804
"MIT_c_m_LD-HR_3","MIT","central","medium","LD-HR",3,"wosr",0,0,0,74,0,0,0,0,0,74,0,0
"MIT_c_m_LD-HR_4","MIT","central","medium","LD-HR",4,"winterwheat",7.75147365612874,0.128484507054286,0.0149360205602243,74,7.7221990558307,7.78074825642678,0.892854932541466,0.169800194246778,0.0197388716394298,74,0.854166744128183,0.931543120954748
"MIT_c_m_LD-HR_5","MIT","central","medium","LD-HR",5,"springbarley",0,0,0,74,0,0,-6.38421791018097,0.107808118073994,0.0125324391635167,74,-6.40878149094147,-6.35965432942048
"MIT_c_m_LD-HR_6","MIT","central","medium","LD-HR",6,"wosr",0,0,0,74,0,0,0,0,0,74,0,0
"MIT_c_l_LD-HR_1","MIT","central","light","LD-HR",1,"winterwheat",6.054,0,0,74,6.054,6.054,0,0,0,74,0,0
"MIT_c_l_LD-HR_2","MIT","central","light","LD-HR",2,"springbarley",0,0,0,74,0,0,-5.27285314066293,0.141287435496732,0.0164243307606648,74,-5.30504482895383,-5.24066145237203
"MIT_c_l_LD-HR_3","MIT","central","light","LD-HR",3,"wosr",0,0,0,74,0,0,0,0,0,74,0,0
"MIT_c_l_LD-HR_4","MIT","central","light","LD-HR",4,"winterwheat",6.32669557296158,0.104469956065954,0.0121443857123377,74,6.3028925769654,6.35049856895776,0.683388210218821,0.140350416417314,0.0163154045052245,74,0.651410017388581,0.715366403049061
"MIT_c_l_LD-HR_5","MIT","central","light","LD-HR",5,"springbarley",0,0,0,74,0,0,-5.22739235085457,0.0865031651746144,0.0100557886954155,74,-5.24710169669758,-5.20768300501156
"MIT_c_l_LD-HR_6","MIT","central","light","LD-HR",6,"wosr",0,0,0,74,0,0,0,0,0,74,0,0
"MIT_e_h_LD-HR_1","MIT","east","heavy","LD-HR",1,"winterwheat",8.416,0,0,74,8.416,8.416,0.0499999999999989,0,0,74,0.0499999999999989,0.0499999999999989
"MIT_e_h_LD-HR_2","MIT","east","heavy","LD-HR",2,"springbeans",0,0,0,74,0,0,-7.57245385228411,0.120302134270284,0.0139848390447624,74,-7.59986413681185,-7.54504356775638
"MIT_e_h_LD-HR_3","MIT","east","heavy","LD-HR",3,"winterwheat",8.94784417504703,0.0568315296644285,0.00660653112968913,74,8.93489537403284,8.96079297606122,8.94784417504703,0.0568315296644285,0.00660653112968913,74,8.93489537403284,8.96079297606122
"MIT_e_h_LD-HR_4","MIT","east","heavy","LD-HR",4,"winterbarley",0,0,0,74,0,0,-8.32444416524187,0.204638086810134,0.0237886943887308,74,-8.37107000624378,-8.27781832423996
"MIT_e_h_LD-HR_5","MIT","east","heavy","LD-HR",5,"wosr",0,0,0,74,0,0,-7.48907234502274,0.0447164573355337,0.00519818257824452,74,-7.4992607828761,-7.47888390716938
"MIT_e_h_LD-HR_6","MIT","east","heavy","LD-HR",6,"winterwheat",8.95704114706131,0.0499612146312959,0.0058078732296613,74,8.94565771553117,8.96842457859145,8.95704114706131,0.0499612146312959,0.0058078732296613,74,8.94565771553117,8.96842457859145
"MIT_e_m_LD-HR_1","MIT","east","medium","LD-HR",1,"winterwheat",7.45,0,0,74,7.45,7.45,0.0339999999999998,0,0,74,0.0339999999999998,0.0339999999999998
"MIT_e_m_LD-HR_2","MIT","east","medium","LD-HR",2,"springbeans",0,0,0,74,0,0,-6.4475118158302,0.174435504018019,0.0202777154551827,74,-6.48725613812236,-6.40776749353804
"MIT_e_m_LD-HR_3","MIT","east","medium","LD-HR",3,"winterwheat",7.7830792145181,0.163332035144257,0.0189869634167424,74,7.74586476622129,7.82029366281492,7.7830792145181,0.163332035144257,0.0189869634167424,74,7.74586476622129,7.82029366281492
"MIT_e_m_LD-HR_4","MIT","east","medium","LD-HR",4,"winterbarley",0,0,0,74,0,0,-6.85861872358727,0.214002540134309,0.0248772899757928,74,-6.90737821193983,-6.80985923523472
"MIT_e_m_LD-HR_5","MIT","east","medium","LD-HR",5,"wosr",0,0,0,74,0,0,-6.38421791018097,0.107808118073994,0.0125324391635167,74,-6.40878149094147,-6.35965432942048
"MIT_e_m_LD-HR_6","MIT","east","medium","LD-HR",6,"winterwheat",7.77226214917842,0.159622915534717,0.018555787020315,74,7.73589280661861,7.80863149173824,7.77226214917842,0.159622915534717,0.018555787020315,74,7.73589280661861,7.80863149173824
"MIT_e_l_LD-HR_1","MIT","east","light","LD-HR",1,"winterwheat",6.23,0,0,74,6.23,6.23,0.175999999999999,0,0,74,0.175999999999999,0.175999999999999
"MIT_e_l_LD-HR_2","MIT","east","light","LD-HR",2,"driedpeas",0,0,0,74,0,0,-5.27285314066293,0.141287435496732,0.0164243307606648,74,-5.30504482895383,-5.24066145237203
"MIT_e_l_LD-HR_3","MIT","east","light","LD-HR",3,"winterwheat",6.51367659860626,0.156319991814544,0.0181718299368939,74,6.47805981192995,6.54929338528257,6.51367659860626,0.156319991814544,0.0181718299368939,74,6.47805981192995,6.54929338528257
"MIT_e_l_LD-HR_4","MIT","east","light","LD-HR",4,"winterbarley",0,0,0,74,0,0,-5.64330736274276,0.17989348363668,0.020912192698164,74,-5.68429526043116,-5.60231946505436
"MIT_e_l_LD-HR_5","MIT","east","light","LD-HR",5,"wosr",0,0,0,74,0,0,-5.22739235085457,0.0865031651746144,0.0100557886954155,74,-5.24710169669758,-5.20768300501156
"MIT_e_l_LD-HR_6","MIT","east","light","LD-HR",6,"winterwheat",6.48413095708313,0.137958657076467,0.0160373681294076,74,6.45269771554949,6.51556419861677,6.48413095708313,0.137958657076467,0.0160373681294076,74,6.45269771554949,6.51556419861677
"MIT_n_h_HD-HR_1","MIT","north","heavy","HD-HR",1,"setaside",0,0,0,74,0,0,-8.366,0,0,74,-8.366,-8.366
"MIT_n_h_HD-HR_2","MIT","north","heavy","HD-HR",2,"sosr",0,0,0,74,0,0,-7.18066376089403,0.201119856720468,0.0233797084482497,74,-7.2264879894526,-7.13483953233546
"MIT_n_h_HD-HR_3","MIT","north","heavy","HD-HR",3,"springbarley",0,0,0,74,0,0,0,0,0,74,0,0
"MIT_n_h_HD-HR_4","MIT","north","heavy","HD-HR",4,"winterwheat",7.18203265505412,0.496335716216595,0.0576978550344015,74,7.06894485918669,7.29512045092154,-0.374962872023923,0.536165001848905,0.0623279154420107,74,-0.497125586290264,-0.252800157757582
"MIT_n_h_HD-HR_5","MIT","north","heavy","HD-HR",5,"wosr",0,0,0,74,0,0,-7.07686495146325,0.149284206245093,0.0173539364777374,74,-7.11087866695962,-7.04285123596689
"MIT_n_h_HD-HR_6","MIT","north","heavy","HD-HR",6,"winterwheat",7.92207476853949,0.391353485207278,0.0454939185695103,74,7.83290668814325,8.01124284893573,7.92207476853949,0.391353485207278,0.0454939185695103,74,7.83290668814325,8.01124284893573
"MIT_n_m_HD-HR_1","MIT","north","medium","HD-HR",1,"setaside",0,0,0,74,0,0,-7.416,0,0,74,-7.416,-7.416
"MIT_n_m_HD-HR_2","MIT","north","medium","HD-HR",2,"sosr",0,0,0,74,0,0,-6.51112826577448,0.171079506674569,0.0198875886883761,74,-6.55010793960369,-6.47214859194526
"MIT_n_m_HD-HR_3","MIT","north","medium","HD-HR",3,"springbarley",0,0,0,74,0,0,0,0,0,74,0,0
"MIT_n_m_HD-HR_4","MIT","north","medium","HD-HR",4,"winterwheat",6.5153086160285,0.413926886496709,0.0481180231678233,74,6.42099729061957,6.60961994143744,-0.449819408651143,0.427005974443114,0.0496384362585157,74,-0.547110743717833,-0.352528073584452
"MIT_n_m_HD-HR_5","MIT","north","medium","HD-HR",5,"wosr",0,0,0,74,0,0,-6.45568377236979,0.0991471832370353,0.0115256259394061,74,-6.47827399921102,-6.43309354552855
"MIT_n_m_HD-HR_6","MIT","north","medium","HD-HR",6,"winterwheat",7.24913668367861,0.320517443416672,0.0372593959733938,74,7.17610826757075,7.32216509978646,7.24913668367861,0.320517443416672,0.0372593959733938,74,7.17610826757075,7.32216509978646
"MIT_n_l_HD-HR_1","MIT","north","light","HD-HR",1,"setaside",0,0,0,74,0,0,-6.054,0,0,74,-6.054,-6.054
"MIT_n_l_HD-HR_2","MIT","north","light","HD-HR",2,"sosr",0,0,0,74,0,0,-5.27285314066293,0.141287435496732,0.0164243307606648,74,-5.30504482895383,-5.24066145237203
"MIT_n_l_HD-HR_3","MIT","north","light","HD-HR",3,"springbarley",0,0,0,74,0,0,0,0,0,74,0,0
"MIT_n_l_HD-HR_4","MIT","north","light","HD-HR",4,"winterwheat",5.31900312493028,0.336470456114722,0.0391138960303923,74,5.24233988871071,5.39566636114985,-0.324304237812478,0.345599924639095,0.0401751751893367,74,-0.403047581183578,-0.245560894441378
"MIT_n_l_HD-HR_5","MIT","north","light","HD-HR",5,"wosr",0,0,0,74,0,0,-5.22739235085457,0.0865031651746144,0.0100557886954155,74,-5.24710169669758,-5.20768300501156
"MIT_n_l_HD-HR_6","MIT","north","light","HD-HR",6,"winterwheat",5.91831702473178,0.260540159772071,0.0302871783714407,74,5.85895415512375,5.9776798943398,5.91831702473178,0.260540159772071,0.0302871783714407,74,5.85895415512375,5.9776798943398
"MIT_c_h_HD-HR_1","MIT","central","heavy","HD-HR",1,"winterwheat",8.424,0,0,74,8.424,8.424,0.0579999999999981,0,0,74,0.0579999999999981,0.0579999999999981
"MIT_c_h_HD-HR_2","MIT","central","heavy","HD-HR",2,"springbarley",0,0,0,74,0,0,-7.18272987102546,0.200484928960602,0.0233058995953923,74,-7.22840943423243,-7.13705030781849
"MIT_c_h_HD-HR_3","MIT","central","heavy","HD-HR",3,"springbeans",0,0,0,74,0,0,0,0,0,74,0,0
"MIT_c_h_HD-HR_4","MIT","central","heavy","HD-HR",4,"winterwheat",8.41542949959976,0.325407356242064,0.0378278367930087,74,8.34128693948546,8.48957205971405,0.857886879243047,0.365342241828748,0.0424701729459654,74,0.774645340268955,0.941128418217139
"MIT_c_h_HD-HR_5","MIT","central","heavy","HD-HR",5,"springbarley",0,0,0,74,0,0,-7.07932409974715,0.148642967195432,0.017279393952344,74,-7.11319171189374,-7.04545648760055
"MIT_c_h_HD-HR_6","MIT","central","heavy","HD-HR",6,"wosr",0,0,0,74,0,0,0,0,0,74,0,0
"MIT_c_m_HD-HR_1","MIT","central","medium","HD-HR",1,"winterwheat",7.46,0,0,74,7.46,7.46,0.0440000000000005,0,0,74,0.0440000000000005,0.0440000000000005
"MIT_c_m_HD-HR_2","MIT","central","medium","HD-HR",2,"springbarley",0,0,0,74,0,0,-6.51112826577448,0.171079506674569,0.0198875886883761,74,-6.55010793960369,-6.47214859194526
"MIT_c_m_HD-HR_3","MIT","central","medium","HD-HR",3,"springbeans",0,0,0,74,0,0,0,0,0,74,0,0
"MIT_c_m_HD-HR_4","MIT","central","medium","HD-HR",4,"winterwheat",7.60954145387277,0.230168019364899,0.0267564887655111,74,7.55709873589237,7.66198417185317,0.644413429193121,0.278324994638816,0.0323546234301485,74,0.58099836727003,0.707828491116212
"MIT_c_m_HD-HR_5","MIT","central","medium","HD-HR",5,"springbarley",0,0,0,74,0,0,-6.45568377236979,0.0991471832370353,0.0115256259394061,74,-6.47827399921102,-6.43309354552855
"MIT_c_m_HD-HR_6","MIT","central","medium","HD-HR",6,"wosr",0,0,0,74,0,0,0,0,0,74,0,0
"MIT_c_l_HD-HR_1","MIT","central","light","HD-HR",1,"winterwheat",6.286,0,0,74,6.286,6.286,0.231999999999999,0,0,74,0.231999999999999,0.231999999999999
"MIT_c_l_HD-HR_2","MIT","central","light","HD-HR",2,"springbarley",0,0,0,74,0,0,-5.27285314066293,0.141287435496732,0.0164243307606648,74,-5.30504482895383,-5.24066145237203
"MIT_c_l_HD-HR_3","MIT","central","light","HD-HR",3,"driedpeas",0,0,0,74,0,0,0,0,0,74,0,0
"MIT_c_l_HD-HR_4","MIT","central","light","HD-HR",4,"winterwheat",6.49496837918498,0.14991770277397,0.0174275789533717,74,6.46081032443637,6.52912643393359,0.85166101644222,0.217598044750698,0.0252952588975405,74,0.802082309003041,0.9012397238814
"MIT_c_l_HD-HR_5","MIT","central","light","HD-HR",5,"springbarley",0,0,0,74,0,0,-5.22739235085457,0.0865031651746144,0.0100557886954155,74,-5.24710169669758,-5.20768300501156
"MIT_c_l_HD-HR_6","MIT","central","light","HD-HR",6,"wosr",0,0,0,74,0,0,0,0,0,74,0,0
"MIT_e_h_HD-HR_1","MIT","east","heavy","HD-HR",1,"springlinseed",0,0,0,74,0,0,-8.366,0,0,74,-8.366,-8.366
"MIT_e_h_HD-HR_2","MIT","east","heavy","HD-HR",2,"springbeans",0,0,0,74,0,0,-7.60646912880143,0.114489533504556,0.0133091379307861,74,-7.63255503914577,-7.58038321845708
"MIT_e_h_HD-HR_3","MIT","east","heavy","HD-HR",3,"winterwheat",8.8915624247507,0.0660726411297328,0.00768078851689919,74,8.87650807925758,8.90661677024382,8.8915624247507,0.0660726411297328,0.00768078851689919,74,8.87650807925758,8.90661677024382
"MIT_e_h_HD-HR_4","MIT","east","heavy","HD-HR",4,"springbarley",0,0,0,74,0,0,-8.37795344297045,0.191696038666528,0.0222842118515278,74,-8.42163049819945,-8.33427638774146
"MIT_e_h_HD-HR_5","MIT","east","heavy","HD-HR",5,"winterwheat",7.88837816478817,0.0555260037052339,0.006454766819614,74,7.87572682182173,7.90102950775462,0.379810533790638,0.0426856791506068,0.00496210940943432,74,0.370084799348146,0.389536268233129
"MIT_e_h_HD-HR_6","MIT","east","heavy","HD-HR",6,"springlinseed",0,0,0,74,0,0,0,0,0,74,0,0
"MIT_e_m_HD-HR_1","MIT","east","medium","HD-HR",1,"springlinseed",0,0,0,74,0,0,-7.416,0,0,74,-7.416,-7.416
"MIT_e_m_HD-HR_2","MIT","east","medium","HD-HR",2,"springbeans",0,0,0,74,0,0,-6.51112826577448,0.171079506674569,0.0198875886883761,74,-6.55010793960369,-6.47214859194526
"MIT_e_m_HD-HR_3","MIT","east","medium","HD-HR",3,"winterwheat",7.7410709559703,0.142763193458789,0.0165958841391113,74,7.70854302305764,7.77359888888296,7.7410709559703,0.142763193458789,0.0165958841391113,74,7.70854302305764,7.77359888888296
"MIT_e_m_HD-HR_4","MIT","east","medium","HD-HR",4,"springbarley",0,0,0,74,0,0,-6.96512802467965,0.212915381692819,0.0247509103740292,74,-7.01363980901274,-6.91661624034655
"MIT_e_m_HD-HR_5","MIT","east","medium","HD-HR",5,"winterwheat",6.76789856575475,0.193197469084976,0.0224587495924105,74,6.72387941655362,6.81191771495587,0.312214793384961,0.124574850803606,0.0144815322527827,74,0.283830990169507,0.340598596600415
"MIT_e_m_HD-HR_6","MIT","east","medium","HD-HR",6,"springlinseed",0,0,0,74,0,0,0,0,0,74,0,0
"MIT_e_l_HD-HR_1","MIT","east","light","HD-HR",1,"springlinseed",0,0,0,74,0,0,-6.054,0,0,74,-6.054,-6.054
"MIT_e_l_HD-HR_2","MIT","east","light","HD-HR",2,"driedpeas",0,0,0,74,0,0,-5.27285314066293,0.141287435496732,0.0164243307606648,74,-5.30504482895383,-5.24066145237203
"MIT_e_l_HD-HR_3","MIT","east","light","HD-HR",3,"winterwheat",6.37294489427075,0.083629344220232,0.00972171379529604,74,6.35389033523197,6.39199945330953,6.37294489427075,0.083629344220232,0.00972171379529604,74,6.35389033523197,6.39199945330953
"MIT_e_l_HD-HR_4","MIT","east","light","HD-HR",4,"sugarbeet",0,0,0,74,0,0,-5.64330736274276,0.17989348363668,0.020912192698164,74,-5.68429526043116,-5.60231946505436
"MIT_e_l_HD-HR_5","MIT","east","light","HD-HR",5,"springbarley",0,0,0,74,0,0,-5.22739235085457,0.0865031651746144,0.0100557886954155,74,-5.24710169669758,-5.20768300501156
"MIT_e_l_HD-HR_6","MIT","east","light","HD-HR",6,"winterwheat",5.67525351148155,0.0707184335723865,0.00822085091845157,74,5.65914064368138,5.69136637928171,5.67525351148155,0.0707184335723865,0.00822085091845157,74,5.65914064368138,5.69136637928171
